agency,description,municipality,name,investment,status,latitude,longitude,created_by_id,updated_by_id,created_at,updated_at,deleted,progress
IDEFEEY,"MANTENIMIENTO ELÉCTRICO EN LA ESCUELA PRIMARIA NICOLÁS MOGUEL DE LA LOCALIDAD UAYALCEH, MUNICIPIO DE ABALÁ, CCT. 31DPR0850Q",ABALÁ,UAYALCEH,373925.36,EN_PROCESO,0,0,1,1,13/04/26 14:06,13/04/26 14:06,FALSE,70
IDEFEEY,"CONSTRUCCIÓN DE COMEDOR EN LA ESCUELA PRIMARIA JUAN MIGUEL CASTRO EN LA LOCALIDAD Y MUNICIPIO DE PROGRESO, CCT. 31DPR0230I",Progreso,Progreso,2521356.08,EN_PROCESO,21.282778,-89.663611,1,1,13/04/26 14:06,13/04/26 14:06,FALSE,70
IDEFEEY,"MANTENIMIENTO EN LA ESCUELA SECUNDARIA MANUEL ALCALÁ MARTÍN DE LA LOCALIDAD Y MUNICIPIO DE QUINTANA ROO, CCT. 31EES0113L.",Quintana Roo,Quintana Roo,1997816.37,EN_PROCESO,20.84235903,-88.62768202,1,1,13/04/26 14:06,13/04/26 14:06,FALSE,70
IDEFEEY,"CONSTRUCCIÓN DE COMEDOR EN LA ESCUELA PRIMARIA EMILIANO ZAPATA EN LA LOCALIDAD Y MUNICIPIO DE SAMAHIL, CCT. 31DPR0969N.",Samahil,Samahil,1611325.14,EN_PROCESO,20.84707196,-89.90586677,1,1,13/04/26 14:06,13/04/26 14:06,FALSE,70
IDEFEEY,"CONSTRUCCIÓN DE UN COMEDOR EN LA ESCUELA PRIMARIA MIGUEL HIDALGO Y COSTILLA DE LA LOCALIDAD Y MUNICIPIO DE SANAHCAT, CCT. 31DPR0424W.",Sanahcat,Sanahcat,1654344.45,EN_PROCESO,20.76235114,-89.21266282,1,1,13/04/26 14:06,13/04/26 14:06,FALSE,70
IDEFEEY,"CONSTRUCCIÓN DE UN COMEDOR EN LA ESCUELA PREESCOLAR BENITO JUÁREZ GARCÍA, DE LA LOCALIDAD Y MUNICIPIO DE SANTA ELENA, CCT. 31DCC0071E.",Santa Elena,Santa Elena,1664500,EN_PROCESO,20.28235994,-89.6778063,1,1,13/04/26 14:06,13/04/26 14:06,FALSE,70
IDEFEEY,"CONSTRUCCIÓN DE UN AULA EN LA ESCUELA SECUNDARIA TÉCNICA NO. 34 DE LA LOCALIDAD Y MUNICIPIO DE SEYÉ, CCT. 31DST0034S.",Seyé,Seyé,1198105.25,EN_PROCESO,20.84440823,-89.37729844,1,1,13/04/26 14:06,13/04/26 14:06,FALSE,70
IDEFEEY,"EQUIPAMIENTO DE TIC PARA PLANTELES DEL SUBSISTEMA DE BACHILLERES DE LA LOCALIDAD Y MUNICIPIO DE SEYÉ
 CCT. 31ECB0038X",Seyé,Seyé,29002.06,EN_PROCESO,20.84440823,-89.37729844,1,1,13/04/26 14:06,13/04/26 14:06,FALSE,70
IDEFEEY,"MANTENIMIENTO ELÉCTRICO EN LA ESCUELA SECUNDARIA LEONA VICARIO, DE LA LOCALIDAD Y MUNICIPIO DE SOTUTA, CCT. 31EES0004E",Sotuta,Sotuta,1070913.45,EN_PROCESO,20.61528603,-88.99926663,1,1,13/04/26 14:06,13/04/26 14:06,FALSE,70
IDEFEEY,"EQUIPAMIENTO DE TIC PARA PLANTELES DEL SUBSISTEMA DE BACHILLERES DE LA LOCALIDAD Y MUNICIPIO DE SOTUTA
 CCT. 31ECB0058K",Sotuta,Sotuta,29002.06,EN_PROCESO,20.61528603,-88.99926663,1,1,13/04/26 14:06,13/04/26 14:06,FALSE,70
IDEFEEY,"CONSTRUCCIÓN DE UN DOMO EN LA ESCUELA SECUNDARIA TÉCNICA NO. 51 DE LA LOCALIDAD Y MUNICIPIO DE SUMA, CCT. 31DST0051I.",Suma,Suma,3099644.85,EN_PROCESO,21.10708927,-89.15552685,1,1,13/04/26 14:06,13/04/26 14:06,FALSE,70
IDEFEEY,"CONSTRUCCIÓN DE UN AULA Y BARDA EN LA ESCUELA PRIMARIA FABIAN SANSORES EN LA LOCALIDAD DE TEKAX DE ÁLVARO OBREGÓN, MUNICIPIO DE TEKAX, CCT. 31EPR0146J.",Tekax,Tekax,2773602.95,EN_PROCESO,20.16442757,-89.26089255,1,1,13/04/26 14:06,13/04/26 14:06,FALSE,70
IDEFEEY,"CONSTRUCCIÓN DE UN COMEDOR EN LA ESCUELA PRIMARIA VENUSTIANO CARRANZA DE LA LOCALIDAD Y MUNICIPIO DE TELCHAC PUEBLO, CCT. 31DPR0915J.",Telchac Pueblo,Telchac Pueblo,1547234.3,EN_PROCESO,21.20967223,-89.25624084,1,1,13/04/26 14:06,13/04/26 14:06,FALSE,70
IDEFEEY,"MANTENIMIENTO EN LA ESCUELA SECUNDARIA RAMIRO RODRÍGUEZ AGUAYO DE LA LOCALIDAD Y MUNICIPIO DE TEMAX, CCT. 31EES0051P.",Temax,Temax,1198756.89,EN_PROCESO,21.15896004,-88.87110027,1,1,13/04/26 14:06,13/04/26 14:06,FALSE,70
IDEFEEY,"EQUIPAMIENTO DE TIC PARA PLANTELES DEL SUBSISTEMA DE BACHILLERES DE LA LOCALIDAD Y MUNICIPIO DE TEMOZÓN
 CCT. 31ECB0022W",Temozón,Temozón,29002.06,EN_PROCESO,20.90816529,-88.06705559,1,1,13/04/26 14:06,13/04/26 14:06,FALSE,70
IDEFEEY,"EQUIPAMIENTO DE TIC PARA PLANTELES DEL SUBSISTEMA DE BACHILLERES
 DE LA LOCALIDAD  Y MUNICIPIO DE TEYA
 CCT. 31ECB0055N",Teya,Teya,29002.06,EN_PROCESO,21.0553013,-89.06495519,1,1,13/04/26 14:06,13/04/26 14:06,FALSE,70
IDEFEEY,"TRÁMITE PARA INSTALACIÓN DE BANCO DE TRANSFORMACIÓN/ SUBESTACIÓN EN LA ESCUELA PRIMARIA FELIPE CARRILLO PUERTO EN LA LOCALIDAD DE PUSTUNICH, MUNICIPIO DE TICUL, CCT. 31DPR0882I.",Ticul,Ticul,125000,EN_PROCESO,20.38586502,-89.53848228,1,1,13/04/26 14:06,13/04/26 14:06,FALSE,70
IDEFEEY,"REHABILITACIÓN GENERAL Y ADECUACIÓN DE ESPACIOS EN LA ESCUELA PREESCOLAR JOSEFA ORTIZ DE DOMÍNGUEZ DE LA LOCALIDAD DE PUSTUNICH, MUNICIPIO DE TICUL, CCT. 31DIN2080Z.",Ticul,Ticul,7698506.58,FINALIZADA,20.38586502,-89.53848228,1,1,13/04/26 14:06,13/04/26 14:06,FALSE,100
IDEFEEY,"CONSTRUCCIÓN DE UN COMEDOR EN LA ESCUELA PREESCOLAR ENRIQUE DÍAZ VILLAMIL, DE LA LOCALIDAD Y MUNICIPIO DE TIXKOKOB, CCT. 31DJN0014C.",Tixkokob,Tixkokob,1617714.92,EN_PROCESO,20.98592284,-89.38394774,1,1,13/04/26 14:06,13/04/26 14:06,FALSE,70
IDEFEEY,"REHABILITACIÓN DE COMEDOR EN LA ESCUELA PRIMARIA TIBURCIO FLOTA PÉREZ DE LA LOCALIDAD DE KIMBILÁ MUNICIPIO DE TIXMEHUAC, CCT. 31DPB0186K.",Tixméhuac,Tixméhuac,1274500,EN_PROCESO,20.24087519,-89.10955394,1,1,13/04/26 14:06,13/04/26 14:06,FALSE,70
IDEFEEY,"EQUIPAMIENTO DE TIC PARA PLANTELES DEL SUBSISTEMA DE BACHILLERES
 DE LA LOCALIDAD  Y MUNICIPIO DE TIXMÉHUAC
 CCT. 31ECB0060Z",Tixméhuac,Tixméhuac,29002.06,EN_PROCESO,20.24087519,-89.10955394,1,1,13/04/26 14:06,13/04/26 14:06,FALSE,70
IDEFEEY,"EQUIPAMIENTO DE TIC PARA PLANTELES DEL SUBSISTEMA DE BACHILLERES
 DE LA LOCALIDAD  Y MUNICIPIO DE TIXPÉHUAL
 CCT. 31ECB0063W",Tixpéhual,Tixpéhual,29002.06,EN_PROCESO,20.96565453,-89.47368309,1,1,13/04/26 14:06,13/04/26 14:06,FALSE,70
IDEFEEY,"EQUIPAMIENTO DE TIC PARA PLANTELES DEL SUBSISTEMA DE BACHILLERES DE LA LOCALIDAD DE TIZIMÍN  Y MUNICIPIO DE COLONIA YUCATÁN
 CCT. 31ECB0044H",Tizimín,Tizimín,29002.06,EN_PROCESO,21.36746569,-87.9777972,1,1,13/04/26 14:06,13/04/26 14:06,FALSE,70
IDEFEEY,"EQUIPAMIENTO DE TIC PARA PLANTELES DEL SUBSISTEMA DE BACHILLERES  DE LA LOCALIDAD DE TIZIMÍN  Y MUNICIPIO DE DZONOT CARRETERO
 CCT. 31EMS0007K",Tizimín,Tizimín,29002.06,EN_PROCESO,21.36746569,-87.9777972,1,1,13/04/26 14:06,13/04/26 14:06,FALSE,70
IDEFEEY,"MANTENIMIENTO EN LA ESCUELA SECUNDARIA MIGUEL BARRERA PALMERO DE LA LOCALIDAD Y MUNICIPIO DE TIZIMÍN, CCT. 31EES0028O.",Tizimín,Tizimín,2398500.3,EN_PROCESO,21.36746569,-87.9777972,1,1,13/04/26 14:06,13/04/26 14:06,FALSE,70
IDEFEEY,"EQUIPAMIENTO DE TIC PARA PLANTELES DEL SUBSISTEMA DE BACHILLERES
 DE LA LOCALIDAD  Y MUNICIPIO DE YAXCABÁ
 CCT. 31ECB0017K",Yaxcabá,Yaxcabá,29002.06,EN_PROCESO,20.48138615,-88.74242352,1,1,13/04/26 14:06,13/04/26 14:06,FALSE,70
IDEFEEY,"EQUIPAMIENTO DE TECNOLOGÍAS DE LA INFORMACIÓN Y LAS COMUNICACIONES  EN EL COLEGIO DE BACHILLERES PLANTEL ABALÁ DE LA LOCALIDAD Y MUNICIPIO DE ABALÁ, CCT. 31ECB0053P.",ABALÁ,Abalá,46316.36,EN_PROCESO,20.66056981,-89.68630604,1,1,13/04/26 14:06,13/04/26 14:06,FALSE,70
SEDER,PROGRAMA CAMINOS RENACIMIENTO,ABALÁ,Abalá,480000,FINALIZADA,20.66056981,-89.68630604,1,1,13/04/26 14:06,13/04/26 14:06,FALSE,100
IDEFEEY,"CONSTRUCCIÓN DE UN AULA DIDÁCTICA EN LA ESCUELA PREESCOLAR PLUTARCO ELÍAS CALLES DE LA LOCALIDAD DE UAYALCEH, MUNICIPIO DE ABALÁ, CCT. 31DCC0272B.",ABALÁ,UAYALCEH,870849.19,FINALIZADA,0,0,1,1,13/04/26 14:06,13/04/26 14:06,FALSE,100
IDEFEEY,"CONSTRUCCIÓN DE BARDA PERIMETRAL EN LA ESCUELA SECUNDARIA ERMILO ABREU GÓMEZ, DE LA LOCALIDAD Y MUNICIPIO DE ACANCEH, CCT. 31EES0001H",Acanceh,Acanceh,922240,EN_PROCESO,20.83155674,-89.45496376,1,1,13/04/26 14:06,13/04/26 14:06,FALSE,70
IDEFEEY,"CONSTRUCCIÓN DE UN AULA EN LA ESCUELA PREESCOLAR JOSEFINA RAMOS DEL RÍO DE LA LOCALIDAD Y MUNICIPIO DE ACANCEH, CCT. 31DJN0017Z.",Acanceh,Acanceh,1198668.35,EN_PROCESO,20.83155674,-89.45496376,1,1,13/04/26 14:06,13/04/26 14:06,FALSE,70
JUNTA DE AGUA POTABLE Y ALCANTARILLADO DE YUCATÁN,REHABILITACIÓN DEL SISTEMA DE CAPTACIÓN DE AGUA POTABLE DE LA LOCALIDAD DE AKIL DEL MUNICIPIO DE AKIL DEL ESTADO DE YUCATÁN.,Akil,Akil,1469246.35,FINALIZADA,20.26616273,-89.33983473,1,1,13/04/26 14:06,13/04/26 14:06,FALSE,100
SEDER,PROGRAMA CAMINOS RENACIMIENTO,Akil,Akil,480000,FINALIZADA,20.26616273,-89.33983473,1,1,13/04/26 14:06,13/04/26 14:06,FALSE,100
IVEY,"CONSTRUCCIÓN DE 31 ACCIONES  DE VIVIENDA EN LOS MUNICIPIOS DE AKIL (30) Y TEKAX (1), EN EL ESTADO DE YUCATÁN.",Akil,Akil,3814189.33,EN_PROCESO,20.26616273,-89.33983473,1,1,13/04/26 14:06,13/04/26 14:06,FALSE,70
INCCOPY,REHABILITACIÓN DE DOS PARQUES EN EL MUNICIPIO DE BACA YUCATÁN,Baca,Baca,1995495.36,EN_PROCESO,21.10922258,-89.39562425,1,1,13/04/26 14:06,13/04/26 14:06,FALSE,70
SEDER,PROGRAMA CAMINOS RENACIMIENTO,Baca,Baca,400000,FINALIZADA,21.10922258,-89.39562425,1,1,13/04/26 14:06,13/04/26 14:06,FALSE,100
JUNTA DE AGUA POTABLE Y ALCANTARILLADO DE YUCATÁN,REHABILITACIÓN DEL SISTEMA DE CAPTACIÓN DE AGUA POTABLE DE LA LOCALIDAD DE BOKOBÁ DEL MUNICIPIO DE BOKOBÁ DEL ESTADO DE YUCATÁN.,Bokobá,Bokobá,1338727.95,FINALIZADA,20.99786253,-89.17666803,1,1,13/04/26 14:06,13/04/26 14:06,FALSE,100
SEDER,PROGRAMA CAMINOS RENACIMIENTO,Bokobá,Bokobá,960000,FINALIZADA,20.99786253,-89.17666803,1,1,13/04/26 14:06,13/04/26 14:06,FALSE,100
SSY,ACCIONES DE MANTENIMIENTO DE INFRAESTRUCTURA EN EL CENTRO DE SALUD DE BOKOBÁ,Bokobá,Bokobá,14291.2,FINALIZADA,20.99786253,-89.17666803,1,1,13/04/26 14:06,13/04/26 14:06,FALSE,100
INCCOPY,"CONSTRUCCIÓN DEL CAMPO DE FUTBOL EN EL MUNICIPIO DE BUCTZOTZ, YUCATÁN",Buctzotz,Buctzotz,4499759.31,EN_PROCESO,21.23225337,-88.67434045,1,1,13/04/26 14:06,13/04/26 14:06,FALSE,70
INCCOPY,"OBRAS COMPLEMENTARIAS  PARA LA CONSTRUCCIÓN DEL CAMPO DE FUTBOL EN EL MUNICIPIO DE BUCTZOTZ, YUCATÁN",Buctzotz,Buctzotz,2919161.85,EN_PROCESO,21.23225337,-88.67434045,1,1,13/04/26 14:06,13/04/26 14:06,FALSE,70
SEDER,PROGRAMA CAMINOS RENACIMIENTO,Buctzotz,Buctzotz,960000,FINALIZADA,21.23225337,-88.67434045,1,1,13/04/26 14:06,13/04/26 14:06,FALSE,100
IVEY,"CONSTRUCCIÓN DE 40 ACCIONES  DE VIVIENDA EN EL MUNICIPIO DE BUCTZOTZ, EN EL ESTADO DE YUCATÁN.",Buctzotz,Buctzotz,5024818.7,EN_PROCESO,21.23225337,-88.67434045,1,1,13/04/26 14:06,13/04/26 14:06,FALSE,70
SSY,ACCIONES DE MANTENIMIENTO Y REHABILITACIÓN DE INFRAESTRUCTURA Y SISTEMAS ELÉCTRICOS EN EL CENTRO DE SALUD DE BUCTZOTZ Y CENTRO DE SALUD DE XBEC,Buctzotz,Buctzotz,98140.49,FINALIZADA,21.23225337,-88.67434045,1,1,13/04/26 14:06,13/04/26 14:06,FALSE,100
IDEFEEY,"CONSTRUCCIÓN DE UN AULA DIDÁCTICA EN LA ESCUELA SECUNDARIA RICARDO LÓPEZ MÉNDEZ DE LA LOCALIDAD Y MUNICIPIO DE CACALCHÉN, CCT. 31DST0032U.",Cacalchén,Cacalchén,961785.95,FINALIZADA,20.98207957,-89.24368312,1,1,13/04/26 14:06,13/04/26 14:06,FALSE,100
IDEFEEY,"REHABILITACIÓN DE COMEDOR EN LA ESCUELA PREESCOLAR CHAC MOOL DE LA LOCALIDAD Y MUNICIPIO DE CACALCHÉN, CCT. 31DJN0110F.",Cacalchén,Cacalchén,1199200.5,EN_PROCESO,20.98207957,-89.24368312,1,1,13/04/26 14:06,13/04/26 14:06,FALSE,70
INCCOPY,"ILUMINACIÓN Y OBRAS COMPLEMENTARIAS DEL CAMPO DE BÉISBOL EN EL MUNICIPIO DE CACALCHÉN, YUCATÁN.",Cacalchén,Cacalchén,1997983.54,FINALIZADA,20.98207957,-89.24368312,1,1,13/04/26 14:06,13/04/26 14:06,FALSE,100
SEDER,PROGRAMA CAMINOS RENACIMIENTO,Cacalchén,Cacalchén,640000,FINALIZADA,20.98207957,-89.24368312,1,1,13/04/26 14:06,13/04/26 14:06,FALSE,100
IDEFEEY,"EQUIPAMIENTO DE TECNOLOGÍAS DE LA INFORMACIÓN Y LAS COMUNICACIONES  EN EL COLEGIO DE BACHILLERES PLANTEL CALOTMUL DE LA LOCALIDAD Y MUNICIPIO DE CALOTMUL, CCT. 31ECB0025T.",Calotmul,Calotmul,46316.36,EN_PROCESO,21.00236956,-88.11503772,1,1,13/04/26 14:06,13/04/26 14:06,FALSE,70
SEDER,PROGRAMA CAMINOS RENACIMIENTO,Calotmul,Calotmul,640000,FINALIZADA,21.00236956,-88.11503772,1,1,13/04/26 14:06,13/04/26 14:06,FALSE,100
JUNTA DE AGUA POTABLE Y ALCANTARILLADO DE YUCATÁN,REHABILITACIÓN DEL SISTEMA DE CAPTACIÓN DE AGUA POTABLE DE LA LOCALIDAD DE CANSAHCAB DEL MUNICIPIO DE CANSAHCAB DEL ESTADO DE YUCATÁN.,Cansahcab,Cansahcab,1175760.31,FINALIZADA,21.17082023,-89.0830645,1,1,13/04/26 14:06,13/04/26 14:06,FALSE,100
IVEY,"CONSTRUCCIÓN DE 23 ACCIONES  DE VIVIENDA EN EL MUNICIPIO DE CANSAHCAB, EN EL ESTADO DE YUCATÁN.",Cansahcab,Cansahcab,2839997.01,EN_PROCESO,21.17082023,-89.0830645,1,1,13/04/26 14:06,13/04/26 14:06,FALSE,70
JUNTA DE AGUA POTABLE Y ALCANTARILLADO DE YUCATÁN,REHABILITACIÓN DEL SISTEMA DE CAPTACIÓN DE AGUA POTABLE DE LA LOCALIDAD DE SAN ANTONIO XIAT DEL MUNICIPIO DE CANSAHCAB DEL ESTADO DE YUCATÁN.,Cansahcab,Cansahcab,837868,FINALIZADA,21.17082023,-89.0830645,1,1,13/04/26 14:06,13/04/26 14:06,FALSE,100
JUNTA DE AGUA POTABLE Y ALCANTARILLADO DE YUCATÁN,REHABILITACIÓN DE SISTEMAS DE CAPTACIÓN  DE AGUA POTABLE DE LA LOCALIDAD DE CANTAMAYEC DEL MUNICIPIO DE CANTAMAYEC DEL ESTADO DE YUCATÁN.,Cantamayec,Cantamayec,3160126.81,FINALIZADA,20.43705848,-89.08570671,1,1,13/04/26 14:06,13/04/26 14:06,FALSE,100
SEDER,PROGRAMA CAMINOS RENACIMIENTO,Cantamayec,Cantamayec,640000,FINALIZADA,20.43705848,-89.08570671,1,1,13/04/26 14:06,13/04/26 14:06,FALSE,100
SSY,ACCIONES DE MANTENIMIENTO DE INFRAESTRUCTURA EN EL CENTRO DE SALUD DE CANTAMAYEC,Cantamayec,Cantamayec,22736,FINALIZADA,20.43705848,-89.08570671,1,1,13/04/26 14:06,13/04/26 14:06,FALSE,100
IDEFEEY,"CONSTRUCCIÓN DE UN AULA DIDÁCTICA EN LA ESCUELA SECUNDARIA JOSEFA ORTÍZ DE DOMÍNGUEZ DE LA LOCALIDAD Y MUNICIPIO DE CELESTÚN, CCT. 31EES0081J.",Celestún,Celestún,1554249.5,FINALIZADA,20.94419192,-90.90905822,1,1,13/04/26 14:06,13/04/26 14:06,FALSE,100
IDEFEEY,"EQUIPAMIENTO DE TECNOLOGÍAS DE LA INFORMACIÓN Y LAS COMUNICACIONES  EN EL COLEGIO DE BACHILLERES PLANTEL CELESTÚN DE LA LOCALIDAD Y MUNICIPIO DE CELESTÚN, CCT. 31EMS0010Y.",Celestún,Celestún,46316.36,EN_PROCESO,20.94419192,-90.90905822,1,1,13/04/26 14:06,13/04/26 14:06,FALSE,70
IDEFEEY,"EQUIPAMIENTO DE TIC PARA PLANTELES DEL SUBSISTEMA DE BACHILLERES
 DE LA LOCALIDAD 
 Y MUNICIPIO DE CELESTÚN
 CCT. 31EMS0010Y",Celestún,Celestún,29002.06,EN_PROCESO,20.94419192,-90.90905822,1,1,13/04/26 14:06,13/04/26 14:06,FALSE,70
INCCOPY,"REHABILITACIÓN DE PALAPA EN EL PARADOR ECO-TURÍSTICO, EN LA LOCALIDAD Y MUNICIPIO DE CELESTÚN, YUCATÁN.",Celestún,Celestún,1093452.77,FINALIZADA,20.94419192,-90.90905822,1,1,13/04/26 14:06,13/04/26 14:06,FALSE,100
IVEY,"CONSTRUCCIÓN DE 30 ACCIONES  DE VIVIENDA EN EL MUNICIPIO DE CELESTÚN, EN EL ESTADO DE YUCATÁN.",Celestún,Celestún,4737625.44,EN_PROCESO,20.94419192,-90.90905822,1,1,13/04/26 14:06,13/04/26 14:06,FALSE,70
IVEY,Construcción de 4 cuartos dormitorio en la localidad de Celestún del municipio de Celestún,Celestún,Celestún,582078.96,FINALIZADA,20.94419192,-90.90905822,1,1,13/04/26 14:06,13/04/26 14:06,FALSE,100
IVEY,Construcción de 8 cuartos dormitorio en la localidad de Celestún del municipio de Celestún,Celestún,Celestún,1162226.48,FINALIZADA,20.94419192,-90.90905822,1,1,13/04/26 14:06,13/04/26 14:06,FALSE,100
IVEY,Construcción de 9 cuartos dormitorio en la localidad de Celestún del municipio de Celestún,Celestún,Celestún,1309767.29,FINALIZADA,20.94419192,-90.90905822,1,1,13/04/26 14:06,13/04/26 14:06,FALSE,100
IVEY,Construcción de 8 cuartos dormitorio en la localidad de Celestún del municipio de Celestún,Celestún,Celestún,1163917.76,FINALIZADA,20.94419192,-90.90905822,1,1,13/04/26 14:06,13/04/26 14:06,FALSE,100
IVEY,Construcción de 3 cuartos dormitorio en la localidad de Celestún del municipio de Celestún,Celestún,Celestún,436559.22,FINALIZADA,20.94419192,-90.90905822,1,1,13/04/26 14:06,13/04/26 14:06,FALSE,100
IVEY,Construcción de 2 cuartos dormitorio en la localidad de Celestún del municipio de Celestún,Celestún,Celestún,291039.46,FINALIZADA,20.94419192,-90.90905822,1,1,13/04/26 14:06,13/04/26 14:06,FALSE,100
IVEY,Construcción de 1 cuarto dormitorio en la localidad de Celestún del municipio de Celestún,Celestún,Celestún,147902.83,FINALIZADA,20.94419192,-90.90905822,1,1,13/04/26 14:06,13/04/26 14:06,FALSE,100
IVEY,Construcción de 1 sanitario con biodigestor en la localidad de Celestún del municipio de Celestún,Celestún,Celestún,153444.21,FINALIZADA,20.94419192,-90.90905822,1,1,13/04/26 14:06,13/04/26 14:06,FALSE,100
IVEY,Construcción de 2 sanitarios con biodigestor en la localidad de Celestún del municipio de Celestún,Celestún,Celestún,305950.16,FINALIZADA,20.94419192,-90.90905822,1,1,13/04/26 14:06,13/04/26 14:06,FALSE,100
IVEY,Construcción de 2 sanitarios con biodigestor en la localidad de Celestún del municipio de Celestún,Celestún,Celestún,305945.32,FINALIZADA,20.94419192,-90.90905822,1,1,13/04/26 14:06,13/04/26 14:06,FALSE,100
INCCOPY,ESTUDIOS DE PREINVERSIÓN PARA LA CONSTRUCCIÓN DE UN SITIO DE DISPOSICIÓN FINAL EN EL MUNICIPIO DE CELESTÚN YUCATÁN,Celestún,Celestún,794600,FINALIZADA,20.94419192,-90.90905822,1,1,13/04/26 14:06,13/04/26 14:06,FALSE,100
IDEFEEY,"EQUIPAMIENTO DE TECNOLOGÍAS DE LA INFORMACIÓN Y LAS COMUNICACIONES  EN EL COLEGIO DE BACHILLERES PLANTEL CENOTILLO DE LA LOCALIDAD Y MUNICIPIO DE CENOTILLO, CCT. 31ECB0043I.",Cenotillo,Cenotillo,46316.36,EN_PROCESO,21.01022182,-88.56432319,1,1,13/04/26 14:06,13/04/26 14:06,FALSE,70
IDEFEEY,"INSTALACIÓN DE UN SISTEMA DE CAPTACIÓN DE AGUA DE LLUVIA DISEÑADO PARA ALMACENAR MAS DE 5,000 LITROS EN UN TINACO BASE DE ALTA RESISTENCIA EN LA ESCUELA SECUNDARIA TÉCNICA AGROPECUARIA ADEMAR EFRAÍN BRITO, DE LA LOCALIDAD Y MUNICIPIO DE CENOTILLO. C.C.T. 31DST0016C",Cenotillo,Cenotillo,186305.88,EN_PROCESO,21.01022182,-88.56432319,1,1,13/04/26 14:06,13/04/26 14:06,FALSE,70
INCCOPY,"CONSTRUCCIÓN DE CANCHA DE USOS MULTIPLES Y OBRAS COMPLEMENTARIAS EN EL COLEGIO BACHILLERES DEL ESTADO DE YUCATÁN  (COBAY) EN EL MUNICIPO DE CENOTILLO, YUCATÁN   ",Cenotillo,Cenotillo,2000000,EN_PROCESO,21.01022182,-88.56432319,1,1,13/04/26 14:06,13/04/26 14:06,FALSE,70
SEDER,PROGRAMA CAMINOS RENACIMIENTO,Cenotillo,Cenotillo,800000,FINALIZADA,21.01022182,-88.56432319,1,1,13/04/26 14:06,13/04/26 14:06,FALSE,100
IDEFEEY,"EQUIPAMIENTO DE TECNOLOGÍAS DE LA INFORMACIÓN Y LAS COMUNICACIONES  EN EL COLEGIO DE BACHILLERES PLANTEL CHACSINKÍN DE LA LOCALIDAD Y MUNICIPIO DE CHACSINKÍN, CCT. 31EMS0001Q.",Chacsinkín,Chacsinkín,46316.36,EN_PROCESO,20.17085727,-89.03349452,1,1,13/04/26 14:06,13/04/26 14:06,FALSE,70
IDEFEEY,"MANTENIMIENTO Y CONSERVACIÓN EN EL COLEGIO DE BACHILLERES PLANTEL CHACSINKIN DE LA LOCALIDAD Y MUNICIPIO DE CHACSINKÍN, CCT. 31EMS0001Q",Chacsinkín,Chacsinkín,3069579.98,EN_PROCESO,20.17085727,-89.03349452,1,1,13/04/26 14:06,13/04/26 14:06,FALSE,70
SEDER,PROGRAMA CAMINOS RENACIMIENTO,Chacsinkín,Chacsinkín,640000,FINALIZADA,20.17085727,-89.03349452,1,1,13/04/26 14:06,13/04/26 14:06,FALSE,100
IDEFEEY,"EQUIPAMIENTO DE TECNOLOGÍAS DE LA INFORMACIÓN Y LAS COMUNICACIONES  EN EL COLEGIO DE BACHILLERES PLANTEL CHANKOM DE LA LOCALIDAD Y MUNICIPIO DE CHANKOM, CCT. 31EMS0002P.",Chankom,Chankom,46316.36,EN_PROCESO,20.54258095,-88.54384439,1,1,13/04/26 14:06,13/04/26 14:06,FALSE,70
IDEFEEY,"MANTENIMIENTO DE UN COMEDOR EN LA ESCUELA PRIMARIA PLAN SEXENAL DE LA LOCALIDAD Y MUNICIPIO DE CHANKOM, CCT. 31DPR0619I.",Chankom,Chankom,1197477.95,EN_PROCESO,20.54258095,-88.54384439,1,1,13/04/26 14:06,13/04/26 14:06,FALSE,70
IDEFEEY,"EQUIPAMIENTO DE TIC PARA PLANTELES DEL SUBSISTEMA DE BACHILLERES
 DE LA LOCALIDAD Y MUNICIPIO DE CHANKOM
 CCT. 31EMS0002P",Chankom,Chankom,29002.16,EN_PROCESO,20.54258095,-88.54384439,1,1,13/04/26 14:06,13/04/26 14:06,FALSE,70
SEDER,PROGRAMA CAMINOS RENACIMIENTO,Chankom,Chankom,880000,FINALIZADA,20.54258095,-88.54384439,1,1,13/04/26 14:06,13/04/26 14:06,FALSE,100
IDEFEEY,"CONSTRUCCIÓN DE UN AULA DIDÁCTICA EN LA ESCUELA PRIMARIA JACINTO CANEK DE LA LOCALIDAD DE TICIMUL, MUNICIPIO DE CHAKOM, CCT. 31DPR0630E.",Chankom,Chankom,862531.97,FINALIZADA,20.54258095,-88.54384439,1,1,13/04/26 14:06,13/04/26 14:06,FALSE,100
IDEFEEY,"CONSTRUCCIÓN DE UN AULA DIDÁCTICA EN LA ESCUELA SECUNDARIA FRANCISCO ROGELIO RIVERO ALVARADO DE LA LOCALIDAD Y MUNICIPIO DE CHAPAB, CCT. 31EES0092P.",Chapab,Chapab,884442.53,FINALIZADA,20.50368444,-89.49911062,1,1,13/04/26 14:06,13/04/26 14:06,FALSE,100
IDEFEEY,"CONSTRUCCIÓN DE UN BAÑO EN EL TELEBACHILLERATO DE LA LOCALIDAD Y MUNICIPIO DE CHAPAB, CCT. 31ETK0017L.",Chapab,Chapab,1994350.9,EN_PROCESO,20.50368444,-89.49911062,1,1,13/04/26 14:06,13/04/26 14:06,FALSE,70
SEDER,PROGRAMA CAMINOS RENACIMIENTO,Chapab,Chapab,640000,FINALIZADA,20.50368444,-89.49911062,1,1,13/04/26 14:06,13/04/26 14:06,FALSE,100
IDEFEEY,"INSTALACIÓN DE NUEVO TRANSFORMADOR EN LA ESCUELA PREESCOLAR U NÉEK SAAMAL DE LA LOCALIDAD Y MUNICIPIO DE CHEMAX, CCT. 31DCC0307A.",Chemax,Chemax,305527.91,FINALIZADA,20.79025496,-87.91963465,1,1,13/04/26 14:06,13/04/26 14:06,FALSE,100
IDEFEEY,"INSTALACIÓN DE UN SISTEMA DE CAPTACIÓN DE AGUA DE LLUVIA DISEÑADO PARA ALMACENAR MAS DE 5,000 LITROS EN UN TINACO BASE DE ALTA RESISTENCIA EN LA ESCUELA PRIMARIA ERMILO ABREU GÓMEZ, DE LA LOCALIDAD Y MUNICIPIO DE CHEMAX. C.C.T. 31DPB0078C",Chemax,Chemax,186305.88,EN_PROCESO,20.79025496,-87.91963465,1,1,13/04/26 14:06,13/04/26 14:06,FALSE,70
IDEFEEY,"INSTALACIÓN DE UN SISTEMA DE CAPTACIÓN DE AGUA DE LLUVIA DISEÑADO PARA ALMACENAR MAS DE 5,000 LITROS EN UN TINACO BASE DE ALTA RESISTENCIA EN LA ESCUELA PRIMARIA GENERAL FRANCISCO I. MADERO, DE LA LOCALIDAD Y MUNICIPIO DE CHEMAX. C.C.T. 31DPR0006K",Chemax,Chemax,186305.88,EN_PROCESO,20.79025496,-87.91963465,1,1,13/04/26 14:06,13/04/26 14:06,FALSE,70
IDEFEEY,"INSTALACIÓN DE UN SISTEMA DE CAPTACIÓN DE AGUA DE LLUVIA DISEÑADO PARA ALMACENAR MAS DE 5,000 LITROS EN UN TINACO BASE DE ALTA RESISTENCIA EN LA ESCUELA PRIMARIA RAFAEL RAMÍREZ CASTAÑEDA, DE LA LOCALIDAD Y MUNICIPIO  DE CHEMAX. C.C.T. 31DPR0308F",Chemax,Chemax,186305.88,EN_PROCESO,20.79025496,-87.91963465,1,1,13/04/26 14:06,13/04/26 14:06,FALSE,70
IDEFEEY,"INSTALACIÓN DE UN SISTEMA DE CAPTACIÓN DE AGUA DE LLUVIA DISEÑADO PARA ALMACENAR MAS DE 5,000 LITROS EN UN TINACO BASE DE ALTA RESISTENCIA EN LA ESCUELA PRIMARIA BENITO JUÁREZ GARCÍA, DE LA LOCALIDAD Y MUNICIPIO DE CHEMAX. C.C.T. 31DPR0618J",Chemax,Chemax,186305.88,EN_PROCESO,20.79025496,-87.91963465,1,1,13/04/26 14:06,13/04/26 14:06,FALSE,70
IDEFEEY,"INSTALACIÓN DE UN SISTEMA DE CAPTACIÓN DE AGUA DE LLUVIA DISEÑADO PARA ALMACENAR MAS DE 5,000 LITROS EN UN TINACO BASE DE ALTA RESISTENCIA EN LA ESCUELA PRIMARIA EMILIANO ZAPATA, DE LA LOCALIDAD Y MUNICIPIO DE CHEMAX. C.C.T.31DPR0776Z",Chemax,Chemax,186305.88,EN_PROCESO,20.79025496,-87.91963465,1,1,13/04/26 14:06,13/04/26 14:06,FALSE,70
IDEFEEY,"INSTALACIÓN DE UN SISTEMA DE CAPTACIÓN DE AGUA DE LLUVIA DISEÑADO PARA ALMACENAR MAS DE 5,000 LITROS EN UN TINACO BASE DE ALTA RESISTENCIA EN LA ESCUELA PRIMARIA ANDRÉS QUINTANA ROO, DE LA LOCALIDAD Y MUNICIPIO DE CHEMAX. C.C.T.31DPR0818H",Chemax,Chemax,186305.88,EN_PROCESO,20.79025496,-87.91963465,1,1,13/04/26 14:06,13/04/26 14:06,FALSE,70
IDEFEEY,"TRÁMITE PARA LA INSTALACIÓN DE NUEVO TRANSFORMADOR EN LA ESCUELA PREESCOLAR U NÉEK SAAMAL DE LA LOCALIDAD Y MUNICIPIO DE CHEMAX, CCT. 31DCC0307A.",Chemax,Chemax,108405.71,EN_PROCESO,20.79025496,-87.91963465,1,1,13/04/26 14:06,13/04/26 14:06,FALSE,70
SEDER,PROGRAMA CAMINOS RENACIMIENTO,Chemax,Chemax,560000,FINALIZADA,20.79025496,-87.91963465,1,1,13/04/26 14:06,13/04/26 14:06,FALSE,100
SSY,ACCIONES DE MANTENIMIENTO DE INFRAESTRUCTURA Y ADECUACIONES DE CONSULTORIOS EN EL CENTRO DE SALUD DE MUCEL Y CENTRO DE SALUD DE CHEMAX,Chemax,Chemax,86373.53,FINALIZADA,20.79025496,-87.91963465,1,1,13/04/26 14:06,13/04/26 14:06,FALSE,100
IDEFEEY,"CONSTRUCCIÓN DE UN AULA, UN BAÑO M6, ÁREA ADMINISTRATIVA Y PLAZA CÍVICA EN LA ESCUELA SECUNDARIA JUAN PÍO PÉREZ VERMONT DE LA LOCALIDAD DEL LOL-BÉ, MUNICIPIO DE CHEMAX, CCT. 31ETV0183M.",Chemax,Chemax,4672234.09,FINALIZADA,20.79025496,-87.91963465,1,1,13/04/26 14:06,13/04/26 14:06,FALSE,100
IDEFEEY,"CONSTRUCCIÓN DE UN AULA DIDÁCTICA EN LA ESCUELA PREESCOLAR CRISTÓBAL COLÓN DE LA LOCALIDAD DE SISBICHÉN, MUNICIPIO DE CHEMAX, CCT. 31DCC0169P.",Chemax,Chemax,796963.78,FINALIZADA,20.79025496,-87.91963465,1,1,13/04/26 14:06,13/04/26 14:06,FALSE,100
IDEFEEY,"EQUIPAMIENTO DE TECNOLOGÍAS DE LA INFORMACIÓN Y LAS COMUNICACIONES  EN EL COLEGIO DE BACHILLERES PLANTEL X-CAN DE LA LOCALIDAD DE X-CAN MUNICIPIO DE CHEMAX, CCT. 31EMS0011X.",Chemax,Chemax,69474.55,EN_PROCESO,20.79025496,-87.91963465,1,1,13/04/26 14:06,13/04/26 14:06,FALSE,70
SEDER,PROGRAMA CAMINOS RENACIMIENTO,Chichimilá,Chichimilá,640000,FINALIZADA,20.51096868,-88.19001706,1,1,13/04/26 14:06,13/04/26 14:06,FALSE,100
IVEY,"CONSTRUCCIÓN DE 30 ACCIONES  DE VIVIENDA EN EL MUNICIPIO DE CHICHIMILÁ, EN EL ESTADO DE YUCATÁN.",Chichimilá,Chichimilá,3811225.89,FINALIZADA,20.51096868,-88.19001706,1,1,13/04/26 14:06,13/04/26 14:06,FALSE,100
IDEFEEY,"CONSTRUCCIÓN DE COMEDOR EN LA ESCUELA PRIMARIA CUAUHTÉMOC DE LA LOCALIDAD SAN PEDRO MUNICIPIO DE CHICHIMILÁ, CCT. 31DPR0607D.",Chichimilá,Chichimilá,1697432.2,EN_PROCESO,20.51096868,-88.19001706,1,1,13/04/26 14:06,13/04/26 14:06,FALSE,70
IDEFEEY,"CONSTRUCCIÓN DE UN DOMO EN LA ESCUELA SECUNDARIA TÉCNICA NO. 22 DE LA LOCALIDAD Y MUNICIPIO DE CHICXULUB PUEBLO, CCT. 31DST0022N.",Chicxulub Pueblo,Chicxulub Pueblo,5356805.05,EN_PROCESO,21.15040585,-89.51914778,1,1,13/04/26 14:06,13/04/26 14:06,FALSE,70
JUNTA DE AGUA POTABLE Y ALCANTARILLADO DE YUCATÁN,REHABILITACIÓN DEL SISTEMA DE CAPTACIÓN DE AGUA POTABLE DE LA LOCALIDAD DE CHAN-CHICHIMILÁ DEL MUNICIPIO DE CHIKINDZONOT DEL ESTADO DE YUCATÁN.,Chikindzonot,Chikindzonot,1163206.43,FINALIZADA,20.25688126,-88.56593669,1,1,13/04/26 14:06,13/04/26 14:06,FALSE,100
IDEFEEY,"EQUIPAMIENTO DE TECNOLOGÍAS DE LA INFORMACIÓN Y LAS COMUNICACIONES  EN EL COLEGIO DE BACHILLERES PLANTEL CHIKINDZONOT DE LA LOCALIDAD Y MUNICIPIO DE CHIKINDZONOT, CCT. 31ECB0028Q.",Chikindzonot,Chikindzonot,46316.36,EN_PROCESO,20.25688126,-88.56593669,1,1,13/04/26 14:06,13/04/26 14:06,FALSE,70
IDEFEEY,"INSTALACIÓN DE UN SISTEMA DE CAPTACIÓN DE AGUA DE LLUVIA DISEÑADO PARA ALMACENAR MAS DE 5,000 LITROS EN UN TINACO BASE DE ALTA RESISTENCIA EN LA ESCUELA PRIMARIA BILINGÜE JOSEFA ORTÍZ DE DOMÍNGUEZ, DE LA LOCALIDAD Y MUNICIPIO DE CHIKINDZONOT. C.C.T. 31DPB0107H",Chikindzonot,Chikindzonot,186305.88,EN_PROCESO,20.25688126,-88.56593669,1,1,13/04/26 14:06,13/04/26 14:06,FALSE,70
IDEFEEY,"EQUIPAMIENTO DE TIC PARA PLANTELES DEL SUBSISTEMA DE BACHILLERES
 DE LA LOCALIDAD  Y MUNICIPIO DE CHIKINDZONOT
 CCT. 31ECB0028Q",Chikindzonot,Chikindzonot,29002.06,EN_PROCESO,20.25688126,-88.56593669,1,1,13/04/26 14:06,13/04/26 14:06,FALSE,70
JUNTA DE AGUA POTABLE Y ALCANTARILLADO DE YUCATÁN,REHABILITACIÓN DEL SISTEMA DE CAPTACIÓN DE AGUA POTABLE DE LA LOCALIDAD DE CHIKINDZONOT DEL MUNICIPIO DE CHIKINDZONOT DEL ESTADO DE YUCATÁN.,Chikindzonot,Chikindzonot,1089968.99,FINALIZADA,20.25688126,-88.56593669,1,1,13/04/26 14:06,13/04/26 14:06,FALSE,100
SEDER,PROGRAMA CAMINOS RENACIMIENTO,Chikindzonot,Chikindzonot,640000,FINALIZADA,20.25688126,-88.56593669,1,1,13/04/26 14:06,13/04/26 14:06,FALSE,100
IVEY,"CONSTRUCCIÓN DE 40 ACCIONES  DE VIVIENDA EN EL MUNICIPIO DE CHIKINDZONOT, EN EL ESTADO DE YUCATÁN.",Chikindzonot,Chikindzonot,5009793.56,EN_PROCESO,20.25688126,-88.56593669,1,1,13/04/26 14:06,13/04/26 14:06,FALSE,70
IDEFEEY,"CONSTRUCCIÓN DE UN BAÑO EN EL TELEBACHILLERATO DE LA LOCALIDAD Y MUNICIPIO DE CHOCHOLÁ, CCT 31ETK0114K.",Chocholá,Chocholá,2009564.01,EN_PROCESO,20.73044217,-89.83729689,1,1,13/04/26 14:06,13/04/26 14:06,FALSE,70
IDEFEEY,"CONSTRUCCIÓN DE UNA BARDA EN LA ESCUELA PREESCOLAR U´ NAJIL U XOOK DE LA LOCALIDAD Y MUNICIPIO DE CHOCHOLÁ, CCT. 31DJN2027U.",Chocholá,Chocholá,998505.86,EN_PROCESO,20.73044217,-89.83729689,1,1,13/04/26 14:06,13/04/26 14:06,FALSE,70
SEDER,PROGRAMA CAMINOS RENACIMIENTO,Chocholá,Chocholá,640000,FINALIZADA,20.73044217,-89.83729689,1,1,13/04/26 14:06,13/04/26 14:06,FALSE,100
INCCOPY,CONSTRUCCIÓN DE DOMO EN LA CANCHA DE USOS MÚLTIPLES DE LA COMISARÍA DE CHOLUL EN EL MUNICIPIO DE MÉRIDA YUCATÁN,Cholul,Cholul,4302172.5,EN_PROCESO,20.73044217,-89.83729689,1,1,13/04/26 14:06,13/04/26 14:06,FALSE,70
IVEY,"CONSTRUCCIÓN DE 40 ACCIONES  DE VIVIENDA EN EL MUNICIPIO DE CHUMAYEL, EN EL ESTADO DE YUCATÁN.",Chumayel,Chumayel,5085937.6,FINALIZADA,20.46283421,-89.28875255,1,1,13/04/26 14:06,13/04/26 14:06,FALSE,100
JUNTA DE AGUA POTABLE Y ALCANTARILLADO DE YUCATÁN,REHABILITACIÓN DE SISTEMAS DE CAPTACIÓN DE AGUA POTABLE DE LA LOCALIDAD DE CHUMAYEL DEL MUNICIPIO DE CHUMAYEL DEL ESTADO DE YUCATÁN.,Chumayel,Chumayel,2296408.78,FINALIZADA,20.46283421,-89.28875255,1,1,13/04/26 14:06,13/04/26 14:06,FALSE,100
SEDER,PROGRAMA CAMINOS RENACIMIENTO,Chumayel,Chumayel,640000,FINALIZADA,20.46283421,-89.28875255,1,1,13/04/26 14:06,13/04/26 14:06,FALSE,100
SSY,ACCIONES DE MANTENIMIENTO PREVENTIVO EN INFRAESTRUCTURA FÍSICA EN EL CENTRO DE SALUD DE CHUMAYEL,Chumayel,Chumayel,31212.58,FINALIZADA,20.46283421,-89.28875255,1,1,13/04/26 14:06,13/04/26 14:06,FALSE,100
IDEFEEY,"CONSTRUCCIÓN DE UN COMEDOR EN LA ESCUELA PRIMARIA MARGARITA MAZA DE JUÁREZ DE LA LOCALIDAD Y MUNICIPIO DE CONKAL, CCT. 31DPR0187K.",Conkal,Conkal,1699447.73,EN_PROCESO,21.0743339,-89.50440958,1,1,13/04/26 14:06,13/04/26 14:06,FALSE,70
INCCOPY,"REMODELACIÓN, REACONDICIONAMIENTO Y REHABILITACIÓN DE LAS INSTALACIONES DEL CENTRO DE ATENCIÓN INFANTIL ""REALIDADES PARA NIÑOS"" (COLONIA CENTRO DE CONKAL, YUCATÁN)",Conkal,Conkal,6885243.72,EN_PROCESO,21.0743339,-89.50440958,1,1,13/04/26 14:06,13/04/26 14:06,FALSE,70
SSY,ACCIONES DE MANTENIMIENTO Y ADECUACIÓN DE INFRAESTRUCTURA Y SERVICIOS BÁSICOS EN EL CENTRO DE SALUD DE XCUYUM,Conkal,Conkal,16104.02,FINALIZADA,21.0743339,-89.50440958,1,1,13/04/26 14:06,13/04/26 14:06,FALSE,100
IVEY,"CONSTRUCCIÓN DE 35 ACCIONES  DE VIVIENDA EN EL MUNICIPIO DE CUNCUNUL, EN EL ESTADO DE YUCATÁN.",Cuncunul,Cuncunul,4288491.9,EN_PROCESO,20.61582877,-88.34571437,1,1,13/04/26 14:06,13/04/26 14:06,FALSE,70
IDEFEEY,"CONSTRUCCIÓN DE UN AULA DIDÁCTICA EN LA ESCUELA PREESCOLAR CECILIO CHI DE LA LOCALIDAD Y MUNICIPIO DE CUNCUNUL, CCT. 31DCC0108B.",Cuncunul,Cuncunul,769973.09,FINALIZADA,20.61582877,-88.34571437,1,1,13/04/26 14:06,13/04/26 14:06,FALSE,100
IDEFEEY,"CONSTRUCCIÓN DE UN DOMO EN LA ESCUELA PRIMARIA NACHI COCOM DE LA LOCALIDAD Y MUNICIPIO DE CUNCUNUL, CCT. 31EPR0011V.",Cuncunul,Cuncunul,3094516.24,EN_PROCESO,20.61582877,-88.34571437,1,1,13/04/26 14:06,13/04/26 14:06,FALSE,70
INCCOPY,"CONSTRUCCIÓN DE BAÑO Y OBRAS COMPLEMENTARIAS, EN EL CENTRO DE SALUD DEL MUNICIPIO DE CUNCUNUL, YUCATÁN.",Cuncunul,Cuncunul,319977.75,FINALIZADA,20.61582877,-88.34571437,1,1,13/04/26 14:06,13/04/26 14:06,FALSE,100
SEDER,PROGRAMA CAMINOS RENACIMIENTO,Cuncunul,Cuncunul,600000,FINALIZADA,20.61582877,-88.34571437,1,1,13/04/26 14:06,13/04/26 14:06,FALSE,100
IDEFEEY,"EQUIPAMIENTO DE TECNOLOGÍAS DE LA INFORMACIÓN Y LAS COMUNICACIONES  EN EL COLEGIO DE BACHILLERES PLANTEL CUZAMÁ DE LA LOCALIDAD Y MUNICIPIO DE CUZAMÁ, CCT. 31ECB0014N.",Cuzamá,Cuzamá,46316.36,EN_PROCESO,20.72538132,-89.3489646,1,1,13/04/26 14:06,13/04/26 14:06,FALSE,70
IDEFEEY,"EQUIPAMIENTO DE TIC PARA PLANTELES DEL SUBSISTEMA DE BACHILLERES
 DE LA LOCALIDAD  Y MUNICIPIO DE CUZAMÁ
 CCT. 31ECB0014N",Cuzamá,Cuzamá,29002.06,EN_PROCESO,20.72538132,-89.3489646,1,1,13/04/26 14:06,13/04/26 14:06,FALSE,70
SEDER,PROGRAMA CAMINOS RENACIMIENTO,Cuzamá,Cuzamá,640000,FINALIZADA,20.72538132,-89.3489646,1,1,13/04/26 14:06,13/04/26 14:06,FALSE,100
IVEY,"CONSTRUCCIÓN DE 33 ACCIONES  DE VIVIENDA EN LOS MUNICIPIOS DE CUZAMÁ (30) Y TECOH (3), EN EL ESTADO DE YUCATÁN.",Cuzamá,Cuzamá,4433714.35,FINALIZADA,20.72538132,-89.3489646,1,1,13/04/26 14:06,13/04/26 14:06,FALSE,100
JUNTA DE AGUA POTABLE Y ALCANTARILLADO DE YUCATÁN,REHABILITACIÓN DE SISTEMAS DE CAPTACIÓN DE AGUA POTABLE DE LA LOCALIDAD DE DZÁN DEL MUNICIPIO DE DZÁN DEL ESTADO DE YUCATÁN.,Dzán,Dzán,3093784.95,FINALIZADA,20.40175182,-89.44612683,1,1,13/04/26 14:06,13/04/26 14:06,FALSE,100
SEDER,PROGRAMA CAMINOS RENACIMIENTO,Dzán,Dzán,640000,FINALIZADA,20.40175182,-89.44612683,1,1,13/04/26 14:06,13/04/26 14:06,FALSE,100
SSY,ADECUACIONES DE CONSULTORIOS EN EL CENTRO DE SALUD DE DZÁN,Dzán,Dzán,132884.31,FINALIZADA,20.40175182,-89.44612683,1,1,13/04/26 14:06,13/04/26 14:06,FALSE,100
IDEFEEY,"CONSTRUCCIÓN DE UN AULA DIDÁCTICA EN LA ESCUELA SECUNDARIA JACINTO PAT DE LA LOCALIDAD Y MUNICIPIO DE DZAN, CCT. 31EES0070D.",Dzán,Dzán,889957.92,FINALIZADA,20.40175182,-89.44612683,1,1,13/04/26 14:06,13/04/26 14:06,FALSE,100
IDEFEEY,"CONSTRUCCIÓN DE TRES AULAS Y OBRA EXTERIOR EN LA PRIMARIA PRUDENCIO PATRÓN PENICHE DE LA LOCALIDAD Y MUNICIPIO DE DZAN, CCT. 31DPR0003N.",Dzán,Dzán,4075836.48,EN_PROCESO,20.40175182,-89.44612683,1,1,13/04/26 14:06,13/04/26 14:06,FALSE,70
IDEFEEY,"CAMBIO DE TRANSFORMADOR EN LA ESCUELA SECUNDARIA RICARDO LÓPEZ MÉNDEZ DE LA LOCALIDAD Y MUNICIPIO DE DZEMUL, CCT. 31EES0076Y.",Dzemul,Dzemul,507857.84,FINALIZADA,21.27226235,-89.35589267,1,1,13/04/26 14:06,13/04/26 14:06,FALSE,100
IDEFEEY,"EQUIPAMIENTO DE TECNOLOGÍAS DE LA INFORMACIÓN Y LAS COMUNICACIONES  EN EL COLEGIO DE BACHILLERES PLANTEL DZEMUL DE LA LOCALIDAD Y MUNICIPIO DE DZEMUL, CCT. 31ECB0020Y.",Dzemul,Dzemul,46316.36,EN_PROCESO,21.27226235,-89.35589267,1,1,13/04/26 14:06,13/04/26 14:06,FALSE,70
IDEFEEY,"INSTALACIÓN DE UN SISTEMA DE CAPTACIÓN DE AGUA DE LLUVIA DISEÑADO PARA ALMACENAR MAS DE 5,000 LITROS EN UN TINACO BASE DE ALTA RESISTENCIA DE LA ESCUELA PRIMARIA BENITO JUÁREZ GARCÍA, DE LA LOCALIDAD Y MUNICIPIO DE DZEMUL. C.C.T. 31EPR0020C",Dzemul,Dzemul,186305.88,EN_PROCESO,21.27226235,-89.35589267,1,1,13/04/26 14:06,13/04/26 14:06,FALSE,70
IDEFEEY,"TRÁMITE PARA EL CAMBIO DE TRANSFORMADOR EN LA ESCUELA SECUNDARIA RICARDO LÓPEZ MÉNDEZ DE LA LOCALIDAD Y MUNICIPIO DE DZEMUL, CCT. 31EES0076Y.",Dzemul,Dzemul,116271.86,EN_PROCESO,21.27226235,-89.35589267,1,1,13/04/26 14:06,13/04/26 14:06,FALSE,70
IDEFEEY,"EQUIPAMIENTO DE TIC PARA PLANTELES DEL SUBSISTEMA DE BACHILLERES
 DE LA LOCALIDAD  Y MUNICIPIO DE DZEMUL
 CCT. 31ECB0020Y",Dzemul,Dzemul,29002.06,EN_PROCESO,21.27226235,-89.35589267,1,1,13/04/26 14:06,13/04/26 14:06,FALSE,70
JUNTA DE AGUA POTABLE Y ALCANTARILLADO DE YUCATÁN,REHABILITACIÓN DE SISTEMAS DE CAPTACIÓN DE AGUA POTABLE DE LA LOCALIDAD DE DZEMUL DEL MUNICIPIO DE DZEMUL DEL ESTADO DE YUCATÁN.,Dzemul,Dzemul,2772231.17,FINALIZADA,21.27226235,-89.35589267,1,1,13/04/26 14:06,13/04/26 14:06,FALSE,100
SEDER,PROGRAMA CAMINOS RENACIMIENTO,Dzemul,Dzemul,640000,FINALIZADA,21.27226235,-89.35589267,1,1,13/04/26 14:06,13/04/26 14:06,FALSE,100
IDEFEEY,CONSTRUCCIÓN DE MODULO PARA CUBÍCULOS DEL PROGRAMA DE TUTORÍAS DE LA ESCUELA NORMAL DE DZIDZANTÚN DE LA LOCALIDAD Y MUNICIPIO DE DZIDZANTÚN CCT. 31MSU9001Q,Dzidzantún,Dzidzantún,798599.99,EN_PROCESO,21.29365416,-89.02034078,1,1,13/04/26 14:06,13/04/26 14:06,FALSE,70
INCCOPY,"ILUMINACIÓN Y OBRAS COMPLEMENTARIAS DEL CAMPO DE FÚTBOL EN EL MUNICIPIO DE DZIDZANTÚN, YUCATÁN.",Dzidzantún,Dzidzantún,1898652.5,FINALIZADA,21.29365416,-89.02034078,1,1,13/04/26 14:06,13/04/26 14:06,FALSE,100
INCCOPY,"CONSTRUCCIÓN DE OBRAS COMPLEMENTARIAS EN INFRAESTRUCTURA DE MEDIA TENSIÓN PARA EL CAMPO DE FUTBOL, EN EL MUNICIPIO DE DZIDZANTÚN, YUCATÁN.",Dzidzantún,Dzidzantún,685989,EN_PROCESO,21.29365416,-89.02034078,1,1,13/04/26 14:06,13/04/26 14:06,FALSE,70
JUNTA DE AGUA POTABLE Y ALCANTARILLADO DE YUCATÁN,REHABILITACIÓN DE SISTEMAS DE CAPTACIÓN DE AGUA POTABLE DE LA LOCALIDAD DE DZIDZANTÚN DEL MUNICIPIO DE DZIDZANTÚN DEL ESTADO DE YUCATÁN.,Dzidzantún,Dzidzantún,2647066.21,FINALIZADA,21.29365416,-89.02034078,1,1,13/04/26 14:06,13/04/26 14:06,FALSE,100
SEDER,PROGRAMA CAMINOS RENACIMIENTO,Dzidzantún,Dzidzantún,560000,FINALIZADA,21.29365416,-89.02034078,1,1,13/04/26 14:06,13/04/26 14:06,FALSE,100
IVEY,"CONSTRUCCIÓN DE 20 ACCIONES  DE VIVIENDA EN EL MUNICIPIO DE DZIDZANTÚN, EN EL ESTADO DE YUCATÁN.",Dzidzantún,Dzidzantún,3164042.17,EN_PROCESO,21.29365416,-89.02034078,1,1,13/04/26 14:06,13/04/26 14:06,FALSE,70
INCCOPY,"CONSTRUCCIÓN DE DOMO Y OBRAS COMPLEMENTARIAS EN EL PARQUE DEL MUNICIPIO DE DZILAM DE BRAVO, YUCATÁN.",Dzilam de Bravo,Dzilam de Bravo,4696895.12,EN_PROCESO,21.29365416,-89.02034078,1,1,13/04/26 14:06,13/04/26 14:06,FALSE,70
SEDER,PROGRAMA CAMINOS RENACIMIENTO,Dzilam de Bravo,Dzilam de Bravo,400000,FINALIZADA,21.42744043,-88.74574965,1,1,13/04/26 14:06,13/04/26 14:06,FALSE,100
SEDER,PROGRAMA CAMINOS RENACIMIENTO,Dzilam González,Dzilam González,640000,FINALIZADA,21.325753,-88.757572,1,1,13/04/26 14:06,13/04/26 14:06,FALSE,100
IDEFEEY,"EQUIPAMIENTO DE TIC PARA PLANTELES DEL SUBSISTEMA DE BACHILLERES
 DE LA LOCALIDAD  Y MUNICIPIO DE DZILÁM GONZÁLEZ  CCT. 31ECB0011Q",Dzilam González,Dzilam González,29002.06,EN_PROCESO,21.325753,-88.757572,1,1,13/04/26 14:06,13/04/26 14:06,FALSE,70
IDEFEEY,"EQUIPAMIENTO DE TECNOLOGÍAS DE LA INFORMACIÓN Y LAS COMUNICACIONES  EN EL COLEGIO DE BACHILLERES PLANTEL DZILÁM GONZÁLEZ DE LA LOCALIDAD Y MUNICIPIO DE DZILÁM GONZÁLEZ, CCT. 31ECB0011Q.",Dzilam González,Dzilam González,46316.36,EN_PROCESO,21.325753,-88.757572,1,1,13/04/26 14:06,13/04/26 14:06,FALSE,70
IDEFEEY,"EQUIPAMIENTO DE TECNOLOGÍAS DE LA INFORMACIÓN Y LAS COMUNICACIONES  EN EL COLEGIO DE BACHILLERES PLANTEL DZITÁS DE LA LOCALIDAD Y MUNICIPIO DE DZITÁS, CCT. 31ECB0030E.",Dzitás,Dzitás,46316.36,EN_PROCESO,20.84667638,-88.52796412,1,1,13/04/26 14:06,13/04/26 14:06,FALSE,70
IDEFEEY,"INSTALACIÓN DE UN SISTEMA DE CAPTACIÓN DE AGUA DE LLUVIA DISEÑADO PARA ALMACENAR MAS DE 5,000 LITROS EN UN TINACO BASE DE ALTA RESISTENCIA DE LA ESCUELA PRIMARIA SILVESTRE EROSA PENICHE, DE LA LOCALIDAD Y MUNICIPIO DE DZITÁS. 31EPR0022A",Dzitás,Dzitás,186305.87,EN_PROCESO,20.84667638,-88.52796412,1,1,13/04/26 14:06,13/04/26 14:06,FALSE,70
SEDER,PROGRAMA CAMINOS RENACIMIENTO,Dzitás,Dzitás,640000,FINALIZADA,20.84667638,-88.52796412,1,1,13/04/26 14:06,13/04/26 14:06,FALSE,100
IDEFEEY,"CONSTRUCCIÓN DE UN COMEDOR EN LA ESCUELA PRIMARIA ESTADO DE VERACRUZ DE LA LOCALIDAD Y MUNICIPIO DE DZONCAUICH, CCT. 31 DPR0621X",Dzoncauich,Dzoncauich,1437999.66,EN_PROCESO,21.08655134,-88.86579833,1,1,13/04/26 14:06,13/04/26 14:06,FALSE,70
SEDER,PROGRAMA CAMINOS RENACIMIENTO,Dzoncauich,Dzoncauich,640000,FINALIZADA,21.08655134,-88.86579833,1,1,13/04/26 14:06,13/04/26 14:06,FALSE,100
JUNTA DE AGUA POTABLE Y ALCANTARILLADO DE YUCATÁN,REHABILITACIÓN DEL SISTEMA DE CAPTACIÓN DE AGUA POTABLE DE LA LOCALIDAD DE SAN PEDRO CHENCHELÁ DEL MUNICIPIO DE ESPITA DEL ESTADO DE YUCATÁN,Espita,Espita,795473.76,FINALIZADA,20.99278791,-88.31350441,1,1,13/04/26 14:06,13/04/26 14:06,FALSE,100
SEDER,PROGRAMA CAMINOS RENACIMIENTO,Espita,Espita,555000,FINALIZADA,20.99278791,-88.31350441,1,1,13/04/26 14:06,13/04/26 14:06,FALSE,100
JUNTA DE AGUA POTABLE Y ALCANTARILLADO DE YUCATÁN,REHABILITACIÓN DEL SISTEMA DE CAPTACIÓN DE AGUA POTABLE DE LA LOCALIDAD DE X-UALTEZ DEL MUNICIPIO DE ESPITA DEL ESTADO DE YUCATÁN.,Espita,Espita,1194469.12,FINALIZADA,20.99278791,-88.31350441,1,1,13/04/26 14:06,13/04/26 14:06,FALSE,100
IDEFEEY,"EQUIPAMIENTO DE TECNOLOGÍAS DE LA INFORMACIÓN Y LAS COMUNICACIONES  EN EL COLEGIO DE BACHILLERES PLANTEL CEPEDA DE LA LOCALIDAD DE CEPEDA MUNICIPIO DE HALACHÓ, CCT. 31ECB0062X.",Halachó,Halachó,46316.36,EN_PROCESO,20.53499062,-90.11987007,1,1,13/04/26 14:06,13/04/26 14:06,FALSE,70
JUNTA DE AGUA POTABLE Y ALCANTARILLADO DE YUCATÁN,"CONSTRUCCIÓN DE 69 SANITARIOS RURALES DE 2.40 X 1.55 X 2.72 MTS. INCLUYE FOSA DE ABSORCIÓN DE 1.10 X 1.00 MTS DE MAMPOSTERÍA, TANQUE SÉPTICO BIODIGESTOR AUTOLIMPIABLE DE 600 LTS. Y TINACO DE 450 LTS. PARA ALMACENAMIENTO DE AGUA POTABLE. ASÍ COMO MUEBLES DE BAÑO, REGISTRO, ALIMENTACIÓN HIDRÁULICA Y SANITARIA, EN LA LOCALIDAD DE DZIDZIBACHÍ DEL MUNICIPIO DE HALACHÓ DEL ESTADO DE YUCATÁN. ETAPA ÚNICA.",Halachó,Halachó,7099341.74,FINALIZADA,20.53499062,-90.11987007,1,1,13/04/26 14:06,13/04/26 14:06,FALSE,100
IDEFEEY,"CONSTRUCCIÓN DE UN AULA DIDÁCTICA EN LA ESCUELA PREESCOLAR JOSÉ VASCONCELOS DE LA LOCALIDAD Y MUNICIPIO DE HALACHÓ, CCT. 31DCC2001X.",Halachó,Halachó,876576.1,FINALIZADA,20.53499062,-90.11987007,1,1,13/04/26 14:06,13/04/26 14:06,FALSE,100
INCAY,REHABILITACION DE CUNETAS RECOLECTORAS DE AGUA PLUVIAL EN LOS DERECHOS DE VIA EN TRAMOS CARRETEROS EN EL ESTADO,Halachó,Halachó,21630000,FINALIZADA,20.53499062,-90.11987007,1,1,13/04/26 14:06,13/04/26 14:06,FALSE,100
SEDER,PROGRAMA CAMINOS RENACIMIENTO,Halachó,Halachó,640000,FINALIZADA,20.53499062,-90.11987007,1,1,13/04/26 14:06,13/04/26 14:06,FALSE,100
JUNTA DE AGUA POTABLE Y ALCANTARILLADO DE YUCATÁN,"CONSTRUCCIÓN DE 63 SANITARIOS RURALES DE 2.40 X 1.55 X 2.72 MTS. INCLUYE FOSA DE ABSORCIÓN DE 1.10 X 1.00 MTS DE MAMPOSTERÍA, TANQUE SÉPTICO BIODIGESTOR AUTOLIMPIABLE DE 600 LTS. Y TINACO DE 450 LTS. PARA ALMACENAMIENTO DE AGUA POTABLE. ASÍ COMO MUEBLES DE BAÑO, REGISTRO, ALIMENTACIÓN HIDRÁULICA Y SANITARIA, EN LA LOCALIDAD DE SANTA MARIA ACÚ DEL MUNICIPIO DE HALACHO DEL ESTADO DE YUCATÁN. ETAPA ÚNICA.",Halachó,Halachó,6413489.33,FINALIZADA,20.53499062,-90.11987007,1,1,13/04/26 14:06,13/04/26 14:06,FALSE,100
IDEFEEY,"CONSTRUCCIÓN DE UNA CANCHA DE USOS MÚLTIPLES EN LA ESCUELA SECUNDARIA BENEMÉRITO DE LAS AMÉRICAS DE LA LOCALIDAD DE SIHÓ, MUNICIPIO DE HALACHÓ, CCT. 31ETV0014R.",Halachó,Halachó,1800536.23,FINALIZADA,20.53499062,-90.11987007,1,1,13/04/26 14:06,13/04/26 14:06,FALSE,100
JUNTA DE AGUA POTABLE Y ALCANTARILLADO DE YUCATÁN,"CONSTRUCCIÓN DE 75 SANITARIOS RURALES DE 2.40 X 1.55 X 2.72 MTS. INCLUYE FOSA DE ABSORCIÓN DE 1.10 X 1.00 MTS DE MAMPOSTERÍA, TANQUE SÉPTICO BIODIGESTOR AUTOLIMPIABLE DE 600 LTS. Y TINACO DE 450 LTS. PARA ALMACENAMIENTO DE AGUA POTABLE. ASÍ COMO MUEBLES DE BAÑO, REGISTRO, ALIMENTACIÓN HIDRÁULICA Y SANITARIA, EN LA LOCALIDAD DE SIHÓ DEL MUNICIPIO DE HALACHÓ DEL ESTADO DE YUCATÁN. ETAPA ÚNICA.",Halachó,Halachó,7610914.07,FINALIZADA,20.53499062,-90.11987007,1,1,13/04/26 14:06,13/04/26 14:06,FALSE,100
JUNTA DE AGUA POTABLE Y ALCANTARILLADO DE YUCATÁN,REHABILITACIÓN DE SISTEMAS DE CAPTACIÓN DE AGUA POTABLE DE LA LOCALIDAD DE HOCABÁ DEL MUNICIPIO DE HOCABÁ DEL ESTADO DE YUCATÁN.,Hocabá,Hocabá,2823584.7,FINALIZADA,20.80074711,-89.22126199,1,1,13/04/26 14:06,13/04/26 14:06,FALSE,100
SEDER,PROGRAMA CAMINOS RENACIMIENTO,Hocabá,Hocabá,560000,FINALIZADA,20.80074711,-89.22126199,1,1,13/04/26 14:06,13/04/26 14:06,FALSE,100
IVEY,"CONSTRUCCIÓN DE 40 ACCIONES  DE VIVIENDA EN EL MUNICIPIO DE  HOCABÁ, EN EL ESTADO DE YUCATÁN.",Hocabá,Hocabá,5071493.53,EN_PROCESO,20.80074711,-89.22126199,1,1,13/04/26 14:06,13/04/26 14:06,FALSE,70
JUNTA DE AGUA POTABLE Y ALCANTARILLADO DE YUCATÁN,REHABILITACIÓN DEL SISTEMA DE CAPTACIÓN DE AGUA POTABLE DE LA LOCALIDAD DE SAHCABÁ DEL MUNICIPIO DE HOCABÁ DEL ESTADO DE YUCATÁN.,Hocabá,Hocabá,1146705.92,FINALIZADA,20.80074711,-89.22126199,1,1,13/04/26 14:06,13/04/26 14:06,FALSE,100
IVEY,"CONSTRUCCIÓN DE 40 ACCIONES  DE VIVIENDA EN EL MUNICIPIO DE HOCTÚN, EN EL ESTADO DE YUCATÁN.",Hoctún,Hoctún,5086038.05,FINALIZADA,20.87918133,-89.16848626,1,1,13/04/26 14:06,13/04/26 14:06,FALSE,100
SEDER,PROGRAMA CAMINOS RENACIMIENTO,Hoctún,Hoctún,960000,FINALIZADA,20.87918133,-89.16848626,1,1,13/04/26 14:06,13/04/26 14:06,FALSE,100
JUNTA DE AGUA POTABLE Y ALCANTARILLADO DE YUCATÁN,REHABILITACIÓN DE SISTEMAS DE CAPTACIÓN DE AGUA POTABLE DE LA LOCALIDAD DE HOCTÚN DEL MUNICIPIO DE HOCTÚN DEL ESTADO DE YUCATÁN.,Hoctún,Hoctún,3704134.42,FINALIZADA,20.87918133,-89.16848626,1,1,13/04/26 14:06,13/04/26 14:06,FALSE,100
JUNTA DE AGUA POTABLE Y ALCANTARILLADO DE YUCATÁN,REHABILITACIÓN DEL SISTEMA DE CAPTACIÓN DE AGUA POTABLE DE LA LOCALIDAD DE SAN JOSÉ ORIENTE DEL MUNICIPIO DE HOCTÚN DEL ESTADO DE YUCATÁN.,Hoctún,Hoctún,1193144.11,FINALIZADA,20.87918133,-89.16848626,1,1,13/04/26 14:06,13/04/26 14:06,FALSE,100
IDEFEEY,"EQUIPAMIENTO DE TECNOLOGÍAS DE LA INFORMACIÓN Y LAS COMUNICACIONES  EN EL COLEGIO DE BACHILLERES PLANTEL HOMÚN DE LA LOCALIDAD Y MUNICIPIO DE HOMÚN, CCT. 31ECB0051R.",Homún,Homún,46316.36,EN_PROCESO,20.68697197,-89.23729855,1,1,13/04/26 14:06,13/04/26 14:06,FALSE,70
IDEFEEY,"CONSTRUCCIÓN DE UN AULA EN LA ESCUELA PREESCOLAR HUNAB KU DE LA LOCALIDAD Y MUNICIPIO DE HOMÚN, CCT. 31DCC0160Y.",Homún,Homún,1197965.4,EN_PROCESO,20.68697197,-89.23729855,1,1,13/04/26 14:06,13/04/26 14:06,FALSE,70
IDEFEEY,"EQUIPAMIENTO DE TIC PARA PLANTELES DEL SUBSISTEMA DE BACHILLERES DE LA LOCALIDAD Y MUNICIPIO DE HOMÚN
 CCT. 31ECB0051R",Homún,Homún,29002.06,EN_PROCESO,20.68697197,-89.23729855,1,1,13/04/26 14:06,13/04/26 14:06,FALSE,70
IDEFEEY,"MANTENIMIENTO EN LA ESCUELA PRIMARIA CHACPUCZICAL DE LA LOCALIDAD Y MUNICIPIO DE HUHÍ, CCT. 31DPB0262Z.",Huhí,Huhí,1399470.8,EN_PROCESO,20.7038661,-89.15471794,1,1,13/04/26 14:06,13/04/26 14:06,FALSE,70
SEDER,PROGRAMA CAMINOS RENACIMIENTO,Huhí,Huhí,640000,FINALIZADA,20.7038661,-89.15471794,1,1,13/04/26 14:06,13/04/26 14:06,FALSE,100
IDEFEEY,"INSTALACIÓN DE 45 PANELES SOLARES 700WP EN EL COLEGIO DE BACHILLERES PLANTEL HUNUCMÁ DE LA LOCALIDAD Y MUNICIPIO DE HUNUCMÁ, CCT. 31ECB0040L.",Hunucmá,Hunucmá,1546063.83,PLANEACION,21.11510708,-89.96429828,1,1,13/04/26 14:06,13/04/26 14:06,FALSE,
IDEFEEY,"CONSTRUCCIÓN DE UNA SALA AUDIOVISUAL EN EL COLEGIO DE BACHILLERES PLANTEL HUNUCMÁ DE LA LOCALIDAD Y MUNICIPIO DE HUNUCMÁ, CCT. 31ECB0040L.",Hunucmá,Hunucmá,2667855.05,EN_PROCESO,21.11510708,-89.96429828,1,1,13/04/26 14:06,13/04/26 14:06,FALSE,70
INCCOPY,"TRABAJOS DE DESAZOLVE EN ACCESO AL REFUGIO PESQUERO EN LA LOCALIDAD DE SISAL, MUNICIPIO DE HUNUCMÁ, YUCATÁN.",Hunucmá,Hunucmá,1739089.64,FINALIZADA,21.11510708,-89.96429828,1,1,13/04/26 14:06,13/04/26 14:06,FALSE,100
SEDER,PROGRAMA CAMINOS RENACIMIENTO,Hunucmá,Hunucmá,640000,FINALIZADA,21.11510708,-89.96429828,1,1,13/04/26 14:06,13/04/26 14:06,FALSE,100
JUNTA DE AGUA POTABLE Y ALCANTARILLADO DE YUCATÁN,REHABILITACIÓN DEL SISTEMA DE CAPTACIÓN DE AGUA POTABLE DE LA LOCALIDAD DE HUNUCMÁ DEL MUNICIPIO DE HUNUCMÁ DEL ESTADO DE YUCATÁN.,Hunucmá,Hunucmá,3151599.15,FINALIZADA,21.11510708,-89.96429828,1,1,13/04/26 14:06,13/04/26 14:06,FALSE,100
INCCOPY,"ELABORACIÓN DE ESTUDIO DE BATIMETRÍA EN EL CANAL DE ACCESO AL PUERTO DE ABRIGO DE LA LOCALIDAD DE SISAL, MUNICIPIO DE HUNUCMA, YUCATÁN",Hunucmá,Sisal,266000,FINALIZADA,21.11510708,-89.96429828,1,1,13/04/26 14:06,13/04/26 14:06,FALSE,100
IDEFEEY,"CONSTRUCCIÓN DE COMEDOR EN LA ESCUELA PREESCOLAR CONSTITUCIÓN DE 1857 DE LA LOCALIDAD DE TEXÁN PALOMEQUE MUNICIPIO DE HUNUCMÁ, CCT. 31DCC0227P.",Hunucmá,Hunucmá,1863499.97,EN_PROCESO,21.11510708,-89.96429828,1,1,13/04/26 14:06,13/04/26 14:06,FALSE,70
SSY,ACCIONES DE MANTENIMIENTO EN INSTALACIONES ELÉCTRICAS EN EL CENTRO DE SALUD DE TEXÁN PALOMEQUE,Hunucmá,Hunucmá,30751.6,FINALIZADA,21.11510708,-89.96429828,1,1,13/04/26 14:06,13/04/26 14:06,FALSE,100
IDEFEEY,"CONSTRUCCIÓN DE UN BAÑO M6 EN LA ESCUELA SECUNDARIA JOSÉ TEC POOT DE LA LOCALIDAD Y MUNICIPIO DE IXIL, CCT. 31EES0075Z.",Ixil,Ixil,1591327.37,FINALIZADA,21.22916464,-89.47588178,1,1,13/04/26 14:06,13/04/26 14:06,FALSE,100
IVEY,"CONSTRUCCIÓN DE 29 ACCIONES  DE VIVIENDA EN EL MUNICIPIO DE IXIL, EN EL ESTADO DE YUCATÁN.",Ixil,Ixil,3668453.64,EN_PROCESO,21.22916464,-89.47588178,1,1,13/04/26 14:06,13/04/26 14:06,FALSE,70
SEDER,PROGRAMA CAMINOS RENACIMIENTO,Ixil,Ixil,640000,FINALIZADA,21.22916464,-89.47588178,1,1,13/04/26 14:06,13/04/26 14:06,FALSE,100
JUNTA DE AGUA POTABLE Y ALCANTARILLADO DE YUCATÁN,REHABILITACIÓN DE SISTEMAS DE CAPTACIÓN DE AGUA POTABLE DE LA LOCALIDAD DE IXIL DEL MUNICIPIO DE IXIL DEL ESTADO DE YUCATÁN.,Ixil,Ixil,3006994.64,FINALIZADA,21.22916464,-89.47588178,1,1,13/04/26 14:06,13/04/26 14:06,FALSE,100
IDEFEEY,"REHABILITACIÓN ELÉCTRICA EN LA ESCUELA PRIMARIA BENITO JUÁREZ GARCÍA DE LA LOCALIDAD DE CITILCUM MUNICIPIO DE IZAMAL, CCT. 31EPR0162A.",Izamal,Izamal,692465.3,EN_PROCESO,20.90372301,-88.99898771,1,1,13/04/26 14:06,13/04/26 14:06,FALSE,70
JUNTA DE AGUA POTABLE Y ALCANTARILLADO DE YUCATÁN,"CONSTRUCCIÓN DE 22 SANITARIOS RURALES DE 2.40 X 1.55 X 2.72 MTS. INCLUYE FOSA DE ABSORCIÓN DE 1.10 X 1.00 MTS DE MAMPOSTERÍA, TANQUE SÉPTICO BIODIGESTOR AUTOLIMPIABLE DE 600 LTS. Y TINACO DE 450 LTS. PARA ALMACENAMIENTO DE AGUA POTABLE. ASÍ COMO MUEBLES DE BAÑO, REGISTRO, ALIMENTACIÓN HIDRÁULICA Y SANITARIA, EN LA LOCALIDAD DE CUAUHTÉMOC DEL MUNICIPIO DE IZAMAL DEL ESTADO DE YUCATÁN. ETAPA ÚNICA.",Izamal,Izamal,2250133.27,FINALIZADA,20.90372301,-88.99898771,1,1,13/04/26 14:06,13/04/26 14:06,FALSE,100
IDEFEEY,"CONSTRUCCIÓN DE 5 AULAS UNIVERSITARIAS EN LA UNIVERSIDAD TECNOLÓGICA DEL CENTRO (UTC) DE LA LOCALIDAD Y MUNICIPIO DE IZAMAL,CCT 31EUT0003M",Izamal,Izamal,9952407.81,EN_PROCESO,20.90372301,-88.99898771,1,1,13/04/26 14:06,13/04/26 14:06,FALSE,70
IDEFEEY,"EQUIPAMIENTO DE 5 AULAS UNIVERSITARIAS EN LA UNIVERSIDAD TECNOLÓGICA DEL CENTRO (UTC) DE LA LOCALIDAD Y MUNICIPIO DE IZAMAL,CCT 31EUT0003M",Izamal,Izamal,1047592.19,EN_PROCESO,20.90372301,-88.99898771,1,1,13/04/26 14:06,13/04/26 14:06,FALSE,70
IDEFEEY,"CONSTRUCCIÓN DE UN COMEDOR EN LA ESCUELA PRIMARIA CRESCENCIO CARRILLO Y ANCONA, DE LA LOCALIDAD Y MUNICIPIO DE IZAMAL, CCT. 31DPR0680M",Izamal,Izamal,1448906.89,EN_PROCESO,20.90372301,-88.99898771,1,1,13/04/26 14:06,13/04/26 14:06,FALSE,70
INCCOPY,RESTAURACIÓN DEL EXCONVENTO DE SAN ANTONIO DE PADUA EN EL MUNICIPIO DE IZAMAL,Izamal,Izamal,13000000,EN_PROCESO,20.90372301,-88.99898771,1,1,13/04/26 14:06,13/04/26 14:06,FALSE,70
SEDER,PROGRAMA CAMINOS RENACIMIENTO,Izamal,Izamal,1440000,FINALIZADA,20.90372301,-88.99898771,1,1,13/04/26 14:06,13/04/26 14:06,FALSE,100
JUNTA DE AGUA POTABLE Y ALCANTARILLADO DE YUCATÁN,"REHABILITACIÓN DE PLANTA DE TRATAMIENTO DE AGUAS RESIDUALES DE DZOYOLÁ, PARA CUMPLIMIENTO DE LA NOM-001-SEMARNAT-2021 EN EL MUNICIPIO DE KANASÍN, YUCATÁN.",Kanasín,Kanasín,4814270.86,FINALIZADA,20.92802139,-89.55747774,1,1,13/04/26 14:06,13/04/26 14:06,FALSE,100
IDEFEEY,"CONSTRUCCIÓN DE BAÑO M12 EN LA ESCUELA PRIMARIA CONSUELO ZAVALA CASTILLO DE LA LOCALIDAD Y MUNICIPIO DE KANASÍN, CCT. 31DPR0158P.",Kanasín,Kanasín,1864624.76,FINALIZADA,20.92802139,-89.55747774,1,1,13/04/26 14:06,13/04/26 14:06,FALSE,100
IDEFEEY,"CONSTRUCCIÓN DE UN TALLER, ANDADOR, ILUMINACIÓN EXTERIOR, ACOMETIDA, CERCA, EN LA ESCUELA SECUNDARIA FEDERAL NO. 17 ROGER HERVÉ AGUILAR SALAZAR DE LA LOCALIDAD Y MUNICIPIO DE KANASÍN, CCT. 31DES0026R.",Kanasín,Kanasín,5130284.61,EN_PROCESO,20.92802139,-89.55747774,1,1,13/04/26 14:06,13/04/26 14:06,FALSE,70
IDEFEEY,CONSTRUCCIÓN DE UN BAÑO M6 EN LA ESCUELA PRIMARIA JUANA DE ASBAJE DE LA LOCALIDAD Y MUNICIPIO DE KANASÍN CCT. 31DPR0023A,Kanasín,Kanasín,1487232.67,FINALIZADA,20.92802139,-89.55747774,1,1,13/04/26 14:06,13/04/26 14:06,FALSE,100
IDEFEEY,"CONSTRUCCIÓN DE ESPACIOS EDUCATIVOS, PARA LA UNIVERSIDAD NACIONAL ROSARIO CASTELLANOS, EN LA LOCALIDAD Y MUNICIPIO DE KANASÍN.",Kanasín,Kanasín,83693585.73,EN_PROCESO,20.92802139,-89.55747774,1,1,13/04/26 14:06,13/04/26 14:06,FALSE,70
IDEFEEY,EQUIPAMIENTO DE ESPACIOS EDUCATIVOS PARA LA UNIVERSIDAD NACIONAL ROSARIO CASTELLANOS EN LA LOCALIDAD Y MUNICIPIO DE KANASÍN.,Kanasín,Kanasín,20088289.27,EN_PROCESO,20.92802139,-89.55747774,1,1,13/04/26 14:06,13/04/26 14:06,FALSE,70
IDEFEEY,ESTUDIO DE PREINVERSIÓN PARA LA CONSTRUCCIÓN DE LA UNIVERSIDAD ROSARIO CASTELLANOS DE KANASÍN,Kanasín,Kanasín,3392150,PLANEACION,20.92802139,-89.55747774,1,1,13/04/26 14:06,13/04/26 14:06,FALSE,
IDEFEEY,"MANTENIMIENTO EN LA ESCUELA PRIMARIA JUANA DE ASBAJE DE LA LOCALIDAD Y MUNICIPIO DE KANASÍN, CCT. 31DPR0023A.",Kanasín,Kanasín,1748960.3,EN_PROCESO,20.92802139,-89.55747774,1,1,13/04/26 14:06,13/04/26 14:06,FALSE,70
INCCOPY,CONSTRUCCIÓN DE OBRAS COMPLEMENTARIAS EN LINEA DE MEDIA TENSIÓN PARA ALIMENTACIÓN DEL CENTRO DE TRANSFERENCIA MODAL CETRAM OTE EN EL MUNICIPIO DE KANASÍN YUCATÁN,Kanasín,Kanasín,1394038.46,FINALIZADA,20.92802139,-89.55747774,1,1,13/04/26 14:06,13/04/26 14:06,FALSE,100
SSY,MANTENIMIENTO EN OBRAS EXTERIORES Y SISTEMAS DE DRENAJE EN EL CENTRO DE SALUD DE KANASÍN,Kanasín,Kanasín,122316.42,FINALIZADA,20.92802139,-89.55747774,1,1,13/04/26 14:06,13/04/26 14:06,FALSE,100
IDEFEEY,"CONSTRUCCIÓN DE UN COMEDOR EN LA ESCUELA PRIMARIA BENITO JUÁREZ GARCÍA, DE LA LOCALIDAD DE HOLCÁ, MUNICIPIO DE KANTUNIL, CCT. 31DPR0178C",Kantunil,Kantunil,1599935.72,EN_PROCESO,20.76477683,-88.95519555,1,1,13/04/26 14:06,13/04/26 14:06,FALSE,70
IDEFEEY,"EQUIPAMIENTO DE TECNOLOGÍAS DE LA INFORMACIÓN Y LAS COMUNICACIONES  EN EL COLEGIO DE BACHILLERES PLANTEL KANTUNIL DE LA LOCALIDAD Y MUNICIPIO DE KANTUNIL, CCT. 31ECB0054O.",Kantunil,Kantunil,46316.36,EN_PROCESO,20.76477683,-88.95519555,1,1,13/04/26 14:06,13/04/26 14:06,FALSE,70
SEDER,PROGRAMA CAMINOS RENACIMIENTO,Kantunil,Kantunil,600000,FINALIZADA,20.76477683,-88.95519555,1,1,13/04/26 14:06,13/04/26 14:06,FALSE,100
SSY,ACCIONES DE MANTENIMIENTO DE INFRAESTRUCTURA EN EL CENTRO DE SALUD DE KANTUNIL,Kantunil,Kantunil,7243.04,FINALIZADA,20.76477683,-88.95519555,1,1,13/04/26 14:06,13/04/26 14:06,FALSE,100
IDEFEEY,"EQUIPAMIENTO DE TECNOLOGÍAS DE LA INFORMACIÓN Y LAS COMUNICACIONES  EN EL COLEGIO DE BACHILLERES PLANTEL KAUA DE LA LOCALIDAD Y MUNICIPIO DE KAUA, CCT. 31EMS0003O.",Kaua,Kaua,69474.55,EN_PROCESO,20.60812962,-88.43206198,1,1,13/04/26 14:06,13/04/26 14:06,FALSE,70
INCCOPY,ILUMINACIÓN Y GRADAS DEL CAMPO DE FUTBOL EN EL MUNICIPIO DE KAUA YUCATÁN,Kaua,Kaua,3144995.68,FINALIZADA,20.60812962,-88.43206198,1,1,13/04/26 14:06,13/04/26 14:06,FALSE,100
SEDER,PROGRAMA CAMINOS RENACIMIENTO,Kaua,Kaua,960000,FINALIZADA,20.60812962,-88.43206198,1,1,13/04/26 14:06,13/04/26 14:06,FALSE,100
IVEY,"CONSTRUCCIÓN DE 30 ACCIONES  DE VIVIENDA EN EL MUNICIPIO DE KAUA, EN EL ESTADO DE YUCATÁN.",Kaua,Kaua,3818264.11,FINALIZADA,20.60812962,-88.43206198,1,1,13/04/26 14:06,13/04/26 14:06,FALSE,100
IDEFEEY,"CONSTRUCCIÓN DE UN AULA EN EL COLEGIO DE BACHILLERES PLANTEL KINCHIL DE LA LOCALIDAD Y MUNICIPIO DE KINCHIL, CCT. 31ECB0032C.",Kinchil,Kinchil,1308181.2,EN_PROCESO,20.87899348,-89.99654008,1,1,13/04/26 14:06,13/04/26 14:06,FALSE,70
JUNTA DE AGUA POTABLE Y ALCANTARILLADO DE YUCATÁN,REHABILITACIÓN DE SISTEMAS DE CAPTACIÓN DE AGUA POTABLE DE LA LOCALIDAD DE KINCHIL DEL MUNICIPIO DE KINCHIL DEL ESTADO DE YUCATÁN.,Kinchil,Kinchil,2480009.99,FINALIZADA,20.87899348,-89.99654008,1,1,13/04/26 14:06,13/04/26 14:06,FALSE,100
SEDER,PROGRAMA CAMINOS RENACIMIENTO,Kinchil,Kinchil,625000,FINALIZADA,20.87899348,-89.99654008,1,1,13/04/26 14:06,13/04/26 14:06,FALSE,100
IDEFEEY,"CONSTRUCCIÓN DE COMEDOR EN LA ESCUELA PRIMARIA LEYES DE REFORMA EN LA LOCALIDAD Y MUNICIPIO DE KOPOMÁ, CCT. 31DPR0691S.",Kopomá,Kopomá,1667999.99,EN_PROCESO,20.63343775,-89.901946,1,1,13/04/26 14:06,13/04/26 14:06,FALSE,70
JUNTA DE AGUA POTABLE Y ALCANTARILLADO DE YUCATÁN,REHABILITACIÓN DE SISTEMAS DE CAPTACIÓN DE AGUA POTABLE DE LA LOCALIDAD DE KOPOMÁ DEL MUNICIPIO DE KOPOMÁ DEL ESTADO DE YUCATÁN.,Kopomá,Kopomá,2450823.84,FINALIZADA,20.63343775,-89.901946,1,1,13/04/26 14:06,13/04/26 14:06,FALSE,100
SEDER,PROGRAMA CAMINOS RENACIMIENTO,Kopomá,Kopomá,480000,FINALIZADA,20.63343775,-89.901946,1,1,13/04/26 14:06,13/04/26 14:06,FALSE,100
IVEY,"CONSTRUCCIÓN DE 30 ACCIONES  DE VIVIENDA EN EL MUNICIPIO DE KOPOMÁ, EN EL ESTADO DE YUCATÁN.",Kopomá,Kopomá,3806579.86,EN_PROCESO,20.63343775,-89.901946,1,1,13/04/26 14:06,13/04/26 14:06,FALSE,70
IDEFEEY,"MANTENIMIENTO EN LA ESCUELA SECUNDARIA VALENTÍN GÓMEZ FARÍAS DE LA LOCALIDAD Y MUNICIPIO DE MAMA, CCT. 31EES0093O.",Mama,Mama,1048975.6,EN_PROCESO,20.5069824,-89.37796056,1,1,13/04/26 14:06,13/04/26 14:06,FALSE,70
SEDER,PROGRAMA CAMINOS RENACIMIENTO,Mama,Mama,400000,FINALIZADA,20.5069824,-89.37796056,1,1,13/04/26 14:06,13/04/26 14:06,FALSE,100
IDEFEEY,"CONSTRUCCIÓN DE UN AULA EN EL TELEBACHILLERATO DE LA LOCALIDAD Y MUNICIPIO DE MANÍ, CCT. 31ETK0016J.",Maní,Maní,1212103.8,EN_PROCESO,20.37922563,-89.37041695,1,1,13/04/26 14:06,13/04/26 14:06,FALSE,70
SEDER,PROGRAMA CAMINOS RENACIMIENTO,Maní,Maní,480000,FINALIZADA,20.37922563,-89.37041695,1,1,13/04/26 14:06,13/04/26 14:06,FALSE,100
IDEFEEY,"CONSTRUCCIÓN DE UN AULA DIDÁCTICA EN LA ESCUELA PREESCOLAR IGNACIO ALTAMIRANO DE LA LOCALIDAD DE KOCHOL, MUNICIPIO DE MAXCANÚ, CCT. 31DCC0058K.",Mayapán,Mayapán,833028.65,FINALIZADA,20.48636538,-89.17590095,1,1,13/04/26 14:06,13/04/26 14:06,FALSE,100
IDEFEEY,REHABILITACIÓN DE MODULO SANITARIO CECYTEY 03 DE LA LOCALIDAD Y MUNICIPIO DE MAXCANÚ. CCT. 31ETC0003X ,Mayapán,Mayapán,687617.98,FINALIZADA,20.48636538,-89.17590095,1,1,13/04/26 14:06,13/04/26 14:06,FALSE,100
IDEFEEY,"CONSTRUCCIÓN DE UN COMEDOR EN LA ESCUELA PRIMARIA LÁZARO CÁRDENAS DEL RÍO, DE LA LOCALIDAD Y MUNICIPIO DE MAXCANÚ, CCT. 31DPR0446H",Mayapán,Mayapán,1599180.71,EN_PROCESO,20.48636538,-89.17590095,1,1,13/04/26 14:06,13/04/26 14:06,FALSE,70
SEDER,PROGRAMA CAMINOS RENACIMIENTO,Mayapán,Mayapán,640000,FINALIZADA,20.48636538,-89.17590095,1,1,13/04/26 14:06,13/04/26 14:06,FALSE,100
IDEFEEY,INSTALACIÓN DE BANCO DE TRANSFORMACIÓN / SUBESTACIÓN EN LA ESCUELA PRIMARIA CRISTÓBAL COLÓN DE LA LOCALIDAD Y MUNICIPIO DE MAYAPÁN. CCT. 31DPR1016Y,Mayapán,Mayapán,920977.13,FINALIZADA,20.48636538,-89.17590095,1,1,13/04/26 14:06,13/04/26 14:06,FALSE,100
IDEFEEY,TRÁMITE PARA LA INSTALACIÓN DE BANCO DE TRANSFORMACIÓN / SUBESTACIÓN EN LA ESCUELA PRIMARIA CRISTÓBAL COLÓN DE LA LOCALIDAD Y MUNICIPIO DE MAYAPÁN. CCT. 31DPR1016Y,Mayapán,Mayapán,99951.67,EN_PROCESO,20.48636538,-89.17590095,1,1,13/04/26 14:06,13/04/26 14:06,FALSE,70
IDEFEEY,"CONSTRUCCIÓN DE UN DOMO EN EL TELEBACHILLERATO DE LA LOCALIDAD Y MUNICIPIO DE MAYAPÁN, CCT. 31ETK0091Q.",Mayapán,Mayapán,2977414.43,EN_PROCESO,20.48636538,-89.17590095,1,1,13/04/26 14:06,13/04/26 14:06,FALSE,70
SEDER,PROGRAMA CAMINOS RENACIMIENTO,Mayapán,Mayapán,480000,FINALIZADA,20.48636538,-89.17590095,1,1,13/04/26 14:06,13/04/26 14:06,FALSE,100
IDEFEEY,"CONSTRUCCIÓN DE UN AULA DIDÁCTICA EN LA ESCUELA PRIMARIA FRANCISCO BATES DE LA LOCALIDAD DE CAUCEL, MUNICIPIO DE MÉRIDA, CCT. 31EPR0047J.",Mérida,Mérida,808276.16,FINALIZADA,20.95726148,-89.60828382,1,1,13/04/26 14:06,13/04/26 14:06,FALSE,100
IDEFEEY,"REHABILITACIÓN DE CERCA PERIMETRAL EN LA ESCUELA PREESCOLAR JAIME NUNÓ DE LA LOCALIDAD DE CAUCEL MUNICIPIO DE MÉRIDA, CCT. 31DJN0019Y.",Mérida,Mérida,349800,EN_PROCESO,20.95726148,-89.60828382,1,1,13/04/26 14:06,13/04/26 14:06,FALSE,70
IDEFEEY,"MANTENIMIENTO ELÉCTRICO MEDIA TENSIÓN (Y OBRAS COMPLEMENTARIAS) EN LA ESCUELA SECUNDARIA HUMBERTO LARA Y LARA DE LA LOCALIDAD DE CAUCEL MUNICIPIO DE MÉRIDA, CCT. 31EES0009Z",Mérida,Mérida,1437300.8,EN_PROCESO,20.95726148,-89.60828382,1,1,13/04/26 14:06,13/04/26 14:06,FALSE,70
IDEFEEY,"CONSTRUCCIÓN DE ESPACIOS EDUCATIVOS EN LA ESCUELA SECUNDARIA RITA CETINA GUTIÉRREZ DE LA LOCALIDAD DE CHABLEKAL, MUNICIPIO DE MÉRIDA, CCT. 31EES0100H.",Mérida,Mérida,14507050.16,FINALIZADA,20.95726148,-89.60828382,1,1,13/04/26 14:06,13/04/26 14:06,FALSE,100
IDEFEEY,"MANTENIMIENTO EN LA ESCUELA SECUNDARIA RITA CETINA GUTIÉRREZ DE LA LOCALIDAD DE CHABLEKAL, MUNICIPIO DE MÉRIDA, CCT. 31EES0100H.",Mérida,Mérida,3655367.56,FINALIZADA,20.95726148,-89.60828382,1,1,13/04/26 14:06,13/04/26 14:06,FALSE,100
IDEFEEY,"REHABILITACIÓN SEGUNDA PARTE DE LA RECONVERSIÓN EN LA ESCUELA SECUNDARIA RITA CETINA GUTIÉRREZ DE LA LOCALIDAD DE CHABLEKAL, MUNICIPIO DE MÉRIDA, CCT. 31EES0100H.",Mérida,Mérida,4999822.19,FINALIZADA,20.95726148,-89.60828382,1,1,13/04/26 14:06,13/04/26 14:06,FALSE,100
IDEFEEY,"REHABILITACIÓN ELÉCTRICA EN LA ESCUELA SECUNDARIA RITA CETINA GUTIÉRREZ DE LA LOCALIDAD DE CHABLEKAL, MUNICIPIO DE MÉRIDA, CCT. 31EES0100H.",Mérida,Mérida,645278.46,FINALIZADA,20.95726148,-89.60828382,1,1,13/04/26 14:06,13/04/26 14:06,FALSE,100
IDEFEEY,"REHABILITACIÓN DE INSTALACIONES (VOZ Y DATOS) EN LA ESCUELA SECUNDARIA RITA CETINA GUTIÉRREZ DE LA LOCALIDAD DE CHABLEKAL MUNICIPIO DE MÉRIDA, CCT. 31EES0100H.",Mérida,Mérida,598500,EN_PROCESO,20.95726148,-89.60828382,1,1,13/04/26 14:06,13/04/26 14:06,FALSE,70
IDEFEEY,"EQUIPAMIENTO DE TECNOLOGÍAS DE LA INFORMACIÓN Y LAS COMUNICACIONES  EN EL COLEGIO DE BACHILLERES PLANTEL CHOLUL DE LA LOCALIDAD DE CHOLUL MUNICIPIO DE MÉRIDA, CCT. 31ECB0029P.",Mérida,Mérida,46316.36,EN_PROCESO,20.95726148,-89.60828382,1,1,13/04/26 14:06,13/04/26 14:06,FALSE,70
IDEFEEY,"EQUIPAMIENTO DE TIC PARA PLANTELES DEL SUBSISTEMA DE BACHILLERES DE LA LOCALIDAD DE MÉRIDA Y MUNICIPIO DE CHOLUL
 CCT. 31ECB0029P",Mérida,Mérida,29002.06,EN_PROCESO,20.95726148,-89.60828382,1,1,13/04/26 14:06,13/04/26 14:06,FALSE,70
IDEFEEY,"CONSTRUCCIÓN DE DOS AULAS DIDÁCTICAS EN LA ESCUELA PRIMARIA MANUEL BERZUNZA DE LA LOCALIDAD DE DZUNUNCÁN, MUNICIPIO DE MÉRIDA, CCT. 31EPR0112T.",Mérida,Mérida,1578894.18,FINALIZADA,20.95726148,-89.60828382,1,1,13/04/26 14:06,13/04/26 14:06,FALSE,100
IDEFEEY,"CONSTRUCCIÓN DE ESPACIOS EDUCATIVOS EN LA ESCUELA SECUNDARIA RÓMULO ROZO DE LA LOCALIDAD DE DZUNUNCÁN, MUNICIPIO DE MÉRIDA, CCT. 31ETV0104J.",Mérida,Mérida,15184131.8,FINALIZADA,20.95726148,-89.60828382,1,1,13/04/26 14:06,13/04/26 14:06,FALSE,100
IDEFEEY,"MANTENIMIENTO EN LA ESCUELA SECUNDARIA RÓMULO ROZO DE LA LOCALIDAD DE DZUNUNCÁN, MUNICIPIO DE MÉRIDA, CCT. 31ETV0104J",Mérida,Mérida,3733305.8,FINALIZADA,20.95726148,-89.60828382,1,1,13/04/26 14:06,13/04/26 14:06,FALSE,100
IDEFEEY,"TRÁMITE PARA REHABILITACION ELÉCTRICA EN LA ESCUELA SECUNDARIA RÓMULO ROZO DE LA LOCALIDAD DE DZUNUNCAN, MUNICIPIO DE MERIDA, CCT. 31ETV0104J.",Mérida,Mérida,107000,EN_PROCESO,20.95726148,-89.60828382,1,1,13/04/26 14:06,13/04/26 14:06,FALSE,70
IDEFEEY,"TRÁMITE PARA REHABILITACIÓN ELÉCTRICA PARA LA ESCUELA PRIMARIA MANUEL BERZUNZA EN LA LOCALIDAD DE DZUNUNCÁN, MUNICIPIO DE MERIDA, CCT. 31EPR0112T.",Mérida,Mérida,97000,EN_PROCESO,20.95726148,-89.60828382,1,1,13/04/26 14:06,13/04/26 14:06,FALSE,70
IDEFEEY,"REHABILITACIÓN ELÉCTRICA EN LA ESCUELA SECUNDARIA ROMULO ROZO DE LA LOCALIDAD DE DZUNUNCÁN, MUNICIPIO DE MÉRIDA, CCT. 31ETV0104J.",Mérida,Mérida,498706.82,FINALIZADA,20.95726148,-89.60828382,1,1,13/04/26 14:06,13/04/26 14:06,FALSE,100
IDEFEEY,"REHABILITACIÓN ELÉCTRICA EN LA ESCUELA PRIMARIA MANUEL BERZUNZA DE LA LOCALIDAD DE DZUNUNCÁN, MUNICIPIO DE MÉRIDA, CCT. 31EPR0112T.",Mérida,Mérida,894593.14,FINALIZADA,20.95726148,-89.60828382,1,1,13/04/26 14:06,13/04/26 14:06,FALSE,100
IDEFEEY,"REHABILITACIÓN SEGUNDA PARTE DE LA RECONVERSIÓN Y DE INSTALACIÓN (VOZ Y DATOS) EN LA ESCUELA SECUNDARIA RÓMULO ROZO DE LA LOCALIDAD DE DZUNUNCÁN, MUNICIPIO DE MÉRIDA, CCT. 31ETV0104J.",Mérida,Mérida,2501500,EN_PROCESO,20.95726148,-89.60828382,1,1,13/04/26 14:06,13/04/26 14:06,FALSE,70
JUNTA DE AGUA POTABLE Y ALCANTARILLADO DE YUCATÁN,CONSTRUCCIÓN DE ZONA DE CAPTACIÓN EN LA COLONIA EL ROBLE AGRÍCOLA DEL MUNICIPIO DE MÉRIDA DEL ESTADO DE YUCATÁN.,Mérida,Mérida,2980826.96,FINALIZADA,20.95726148,-89.60828382,1,1,13/04/26 14:06,13/04/26 14:06,FALSE,100
IDEFEEY,"SEGUNDA ETAPA DEL MANTENIMIENTO ELÉCTRICO EN LA ESCUELA SECUNDARIA JOAQUIN COELLO COELLO DE LA LOCALIDAD DE KOMCHÉN MUNICIPIO DE MÉRIDA, CCT. 31EES0067Q.",Mérida,Mérida,904158.71,EN_PROCESO,20.95726148,-89.60828382,1,1,13/04/26 14:06,13/04/26 14:06,FALSE,70
IDEFEEY,"EQUIPAMIENTO DE TECNOLOGÍAS DE LA INFORMACIÓN Y LAS COMUNICACIONES  EN EL COLEGIO DE BACHILLERES PLANTEL KOMCHÉN DE LA LOCALIDAD DE KOMCHÉN MUNICIPIO DE MÉRIDA, CCT. 31ECB0034A.",Mérida,Mérida,46316.36,EN_PROCESO,20.95726148,-89.60828382,1,1,13/04/26 14:06,13/04/26 14:06,FALSE,70
IDEFEEY,"TRÁMITE PARA MANTENIMIENTO ELÉCTRICO EN LA ESCUELA SECUNDARIA JOAQUÍN COELLO COELLO DE LA LOCALIDAD DE KOMCHÉN, MUNICIPIO DE MÉRIDA, CCT. 31EES0067Q.",Mérida,Mérida,107323.69,EN_PROCESO,20.95726148,-89.60828382,1,1,13/04/26 14:06,13/04/26 14:06,FALSE,70
IDEFEEY,"MANTENIMIENTO ELÉCTRICO EN LA ESCUELA SECUNDARIA JOAQUIN COELLO COELLO DE LA LOCALIDAD DE KOMCHÉN MUNICIPIO DE MÉRIDA, CCT. 31EES0067Q.",Mérida,Mérida,789915.47,EN_PROCESO,20.95726148,-89.60828382,1,1,13/04/26 14:06,13/04/26 14:06,FALSE,70
IDEFEEY,"EQUIPAMIENTO DE TIC PARA PLANTELES DEL SUBSISTEMA DE BACHILLERES DE LA LOCALIDAD DE MÉRIDA Y MUNICIPIO DE KOMCHÉN
 CCT. 31ECB0034A",Mérida,Mérida,29002.06,EN_PROCESO,20.95726148,-89.60828382,1,1,13/04/26 14:06,13/04/26 14:06,FALSE,70
IDEFEEY,"CONSTRUCCIÓN DE UN AULA DIDÁCTICA EN LA ESCUELA PREESCOLAR MARÍA DEL SOCORRO TRINCHÁN AGUILAR DE LA LOCALIDAD Y MUNICIPIO DE MÉRIDA, CCT. 31DJN2063Z.",Mérida,Mérida,793827.28,FINALIZADA,20.95726148,-89.60828382,1,1,13/04/26 14:06,13/04/26 14:06,FALSE,100
IDEFEEY,"CONSTRUCCIÓN DE UN AULA DE USOS MULTIPLES CON ESPACIO INDEPENDIENTE PARA USAER EN LA ESCUELA PRIMARIA LÁZARO CÁRDENAS DEL RÍO DE LA LOCALIDAD Y MUNICIPIO DE MÉRIDA, CCT. 31DPR0267W.",Mérida,Mérida,1744423.88,FINALIZADA,20.95726148,-89.60828382,1,1,13/04/26 14:06,13/04/26 14:06,FALSE,100
IDEFEEY,"CONSTRUCCIÓN DE UN DOMO PARA PLAZA CÍVICA EN LA ESCUELA PRIMARIA JUAN CRISÓSTOMO CANO Y CANO DE LA LOCALIDAD Y MUNICIPIO DE MÉRIDA, CCT. 31DPR0874Z.",Mérida,Mérida,2982500.1,FINALIZADA,20.95726148,-89.60828382,1,1,13/04/26 14:06,13/04/26 14:06,FALSE,100
IDEFEEY,"DEMOLICIÓN DE EDIFICIO ACTUAL, CONSTRUCCIÓN DE SEIS AULAS, DIRECCIÓN, SERVICIOS SANITARIOS, BIBLIOTECA, CUBO DE ESCALERA, COCINA, USAER Y CANCHA DE USOS MÚLTIPLES EN LA ESCUELA PRIMARIA ADOLFINA CARDEÑA M. DE ARCEO DE LA LOCALIDAD Y MUNICIPIO DE MÉRIDA, CCT. 31DPR0209F.",Mérida,Mérida,9846376.85,FINALIZADA,20.95726148,-89.60828382,1,1,13/04/26 14:06,13/04/26 14:06,FALSE,100
IDEFEEY,"CONSTRUCCIÓN DE UN AULA DIDÁCTICA EN LA ESCUELA PRIMARIA AGUSTÍN DE ITURBIDE DE LA LOCALIDAD Y MUNICIPIO DE MÉRIDA, CCT. 31DPR2022P.",Mérida,Mérida,985138.86,FINALIZADA,20.95726148,-89.60828382,1,1,13/04/26 14:06,13/04/26 14:06,FALSE,100
IDEFEEY,"CONSTRUCCIÓN DE UN AULA U2C EN LA ESCUELA PRIMARIA QUINTANA ROO DE LA LOCALIDAD Y MUNICIPIO DE MÉRIDA, CCT. 31EPR0092W.",Mérida,Mérida,1082997.56,FINALIZADA,20.95726148,-89.60828382,1,1,13/04/26 14:06,13/04/26 14:06,FALSE,100
IDEFEEY,"CONSTRUCCIÓN DE UN AULA DIDÁCTICA EN LA ESCUELA PRIMARIA MTRA. AMELGA MARÍA MOGUEL AGUILAR DE LA LOCALIDAD Y MUNICIPIO DE MÉRIDA, CCT. 31DPR2095H.",Mérida,Mérida,1048420.4,FINALIZADA,20.95726148,-89.60828382,1,1,13/04/26 14:06,13/04/26 14:06,FALSE,100
IDEFEEY,"CONSTRUCCIÓN DE UN AULA DE USOS MULTIPLES EN LA ESCUELA PREESCOLAR ELENA TORRES CUELLAR DE LA LOCALIDAD DE MÉRIDA (CD.CAUCEL), MUNICIPIO DE MÉRIDA, CCT. 31DJN0252D",Mérida,Mérida,1361317.38,FINALIZADA,20.95726148,-89.60828382,1,1,13/04/26 14:06,13/04/26 14:06,FALSE,100
IDEFEEY,"SUBESTACIÓN ELÉCTRICA EN LA ESCUELA PRIMARIA RÓMULO ROZO PEÑA DE LA LOCALIDAD Y MUNICIPIO DE MÉRIDA, CCT. 31EPR0227U.",Mérida,Mérida,655430.07,FINALIZADA,20.95726148,-89.60828382,1,1,13/04/26 14:06,13/04/26 14:06,FALSE,100
IDEFEEY,REHABILITACIÓN DE SERVICIOS SANITARIOS EN LA ESCUELA PRIMARIA NARCEDALIA GARCÍA AGUILAR DE LA LOCALIDAD Y MUNICIPIO DE MÉRIDA. CCT. 31DPR2099D,Mérida,Mérida,677274.88,FINALIZADA,20.95726148,-89.60828382,1,1,13/04/26 14:06,13/04/26 14:06,FALSE,100
IDEFEEY,REMOZAMIENTO GENERAL EN LA ESCUELA SECUNDARIA AGUSTIN VADILLO CICERO DE LA LOCALIDAD Y  MUNICIPIO DE MÉRIDA. CCT. 31EES0021V,Mérida,Mérida,4172983.68,FINALIZADA,20.95726148,-89.60828382,1,1,13/04/26 14:06,13/04/26 14:06,FALSE,100
IDEFEEY,"CONSTRUCCIÓN DEL CENTRO DE CÓMPUTO DE LA ESCUELA PREPARATORIA ESTATAL No. 11, FRANCISCO ROGELIO RIVERO ALVARADO DE LA LOCALIDAD Y MUNICIPIO DE MÉRIDA, CCT. 31EBH0037T.",Mérida,Mérida,2271237.43,FINALIZADA,20.95726148,-89.60828382,1,1,13/04/26 14:06,13/04/26 14:06,FALSE,100
IDEFEEY,"EQUIPAMIENTO DEL CENTRO DE CÓMPUTO DE LA ESCUELA PREPARATORIA ESTATAL No. 11, FRANCISCO ROGELIO RIVERO ALVARADO DE LA LOCALIDAD Y MUNICIPIO DE MÉRIDA, CCT. 31EBH0037T.",Mérida,Mérida,510689.56,EN_PROCESO,20.95726148,-89.60828382,1,1,13/04/26 14:06,13/04/26 14:06,FALSE,70
IDEFEEY,"MANTENIMIENTO GENERAL A LAS INSTALACIONES ELÉCTRICAS DE LA ESCUELA PREPARATORIA ESTATAL No. 5, AGUSTÍN FRANCO VILLANUEVA DE LA LOCALIDAD Y MUNICIPIO DE MÉRIDA, CCT. 31EBH0001E.",Mérida,Mérida,1138259.16,FINALIZADA,20.95726148,-89.60828382,1,1,13/04/26 14:06,13/04/26 14:06,FALSE,100
IDEFEEY,"EQUIPAMIENTO INFORMÁTICO CECYTEY 06 EMILIANO ZAPATA MÉRIDA CCT. 31ETC0006U, UBICADO EN LA LOCALIDAD Y MUNICIPIO DE MÉRIDA.",Mérida,Mérida,599500.06,EN_PROCESO,20.95726148,-89.60828382,1,1,13/04/26 14:06,13/04/26 14:06,FALSE,70
IDEFEEY,"EQUIPAMIENTO PARA EL LABORATORIO DEL PROGRAMA DE INGENIERÍA BIOMÉDICA DEL INSTITUTO TECNOLÓGICO DE MÉRIDA, EN LA LOCALIDAD DE MÉRIDA, MUNICIPIO DE MÉRIDA, CCT. 31DIT0008N.",Mérida,Mérida,1881335,EN_PROCESO,20.95726148,-89.60828382,1,1,13/04/26 14:06,13/04/26 14:06,FALSE,70
IDEFEEY,"EQUIPAMIENTO PARA EL LABORATORIO DEL PROGRAMA DE INGENIERÍA EN SEMICONDUCTORES DEL INSTITUTO TECNOLÓGICO DE MÉRIDA, EN LA LOCALIDAD DE MÉRIDA, MUNICIPIO DE MÉRIDA, CCT. 31DIT0008N.",Mérida,Mérida,2351667,EN_PROCESO,20.95726148,-89.60828382,1,1,13/04/26 14:06,13/04/26 14:06,FALSE,70
IDEFEEY,"INSTALACIÓN DE 84 PANELES SOLARES 700WP EN EL COLEGIO DE BACHILLERES PLANTEL XOCLÁN EN LA LOCALIDAD Y MUNICIPIO DE MÉRIDA, CCT. 31ECB0006E.",Mérida,Mérida,1215832.01,EN_PROCESO,20.95726148,-89.60828382,1,1,13/04/26 14:06,13/04/26 14:06,FALSE,70
IDEFEEY,"INSTALACIÓN DE 96 PANELES SOLARES 700WP EN EL COLEGIO DE BACHILLERES PLANTEL CHENKÚ DE LA LOCALIDAD Y MUNICIPIO DE MÉRIDA, CCT. DN4577991.",Mérida,Mérida,1389688,EN_PROCESO,20.95726148,-89.60828382,1,1,13/04/26 14:06,13/04/26 14:06,FALSE,70
IDEFEEY,"INSTALACIÓN DE 714 PANELES SOLARES 700 WP EN LA CASA OTOCH CENTRO DE ASISTENCIA SOCIAL PARA NIÑAS, NIÑOS Y ADOLESCENTES DE YUCATÁN (CASNNAY)",Mérida,Mérida,10661227.66,EN_PROCESO,20.95726148,-89.60828382,1,1,13/04/26 14:06,13/04/26 14:06,FALSE,70
IDEFEEY,INSTALACIÓN DE 216 PANELES SOLARES 700 WP EN EL INSTITUTO PARA EL DESARROLLO Y CERTIFICACIÓN DE LA INFRAESTRUCTURA FÍSICA EDUCATIVA Y ELÉCTRICA DE YUCATÁN.,Mérida,Mérida,3874127.9,EN_PROCESO,20.95726148,-89.60828382,1,1,13/04/26 14:06,13/04/26 14:06,FALSE,70
IDEFEEY,"MANTENIMIENTO ELÉCTRICO EN LA ESCUELA SECUNDARIA TÉCNICA NÚM. 1 SILVIO ZAVALA VALLADO, DE LA LOCALIDAD Y MUNICIPIO DE MÉRIDA CCT. 31DST0001A",Mérida,Mérida,814851.6,FINALIZADA,20.95726148,-89.60828382,1,1,13/04/26 14:06,13/04/26 14:06,FALSE,100
IDEFEEY,"MANTENIMIENTO ELÉCTRICO EN LA ESCUELA SECUNDARIA TÉCNICA NÚM.76, DE L A LOCALIDAD Y MUNICIPIO DE MÉRIDA CCT. 31DST2025Y",Mérida,Mérida,365629,FINALIZADA,20.95726148,-89.60828382,1,1,13/04/26 14:06,13/04/26 14:06,FALSE,100
IDEFEEY,"TRÁMITE PARA LA REHABILITACIÓN ELÉCTRICA Y MANTENIMIENTO EN LA ESCUELA PRIMARIA ADOLFINA CARDEÑA M. DE ARCEO DE LA LOCALIDAD Y MUNICIPIO DE MÉRIDA, CCT. 31DPR0209F.",Mérida,Mérida,162235.05,EN_PROCESO,20.95726148,-89.60828382,1,1,13/04/26 14:06,13/04/26 14:06,FALSE,70
IDEFEEY,"CONSTRUCCIÓN DE UN DOMO Y PÓRTICO EN LA ESCUELA PRIMARIA ADOLFINA CARDEÑA M. DE ARCEO DE LA LOCALIDAD Y MUNICIPIO DE MÉRIDA, CCT. 31DPR0209F.",Mérida,Mérida,1997948.41,FINALIZADA,20.95726148,-89.60828382,1,1,13/04/26 14:06,13/04/26 14:06,FALSE,100
IDEFEEY,"CONSTRUCCIÓN DE UN DOMO EN LA ESCUELA PRIMARIA CASA OTOCH DE LA LOCALIDAD Y MUNICIPIO DE MÉRIDA, CCT. 31EPR0098Q.  ",Mérida,Mérida,2108738.09,FINALIZADA,20.95726148,-89.60828382,1,1,13/04/26 14:06,13/04/26 14:06,FALSE,100
IDEFEEY,"CONSTRUCCIÓN DE UN DOMO EN LA ESCUELA PRIMARIA CASA INFANTIL EL ROBLE, DE LA LOCALIDAD Y MUNICIPIO DE MÉRIDA, CCT. 31EPR0097R",Mérida,Mérida,2980246.45,EN_PROCESO,20.95726148,-89.60828382,1,1,13/04/26 14:06,13/04/26 14:06,FALSE,70
IDEFEEY,"REHABILITACIÓN ELÉCTRICA Y MANTENIMIENTO EN LA ESCUELA PRIMARIA ADOLFINA CARDEÑA M. DE ARCEO DE LA LOCALIDAD Y MUNICIPIO DE MÉRIDA, CCT. 31DPR0209F.",Mérida,Mérida,1330488.73,FINALIZADA,20.95726148,-89.60828382,1,1,13/04/26 14:06,13/04/26 14:06,FALSE,100
IDEFEEY,REHABILITACIÓN ELÉCTRICA Y MANTENIMIENTO EN LA ESCUELA SECUNDARIA HUMBERTO LARA Y LARA DE LA LOCALIDAD Y MUNICIPIO DE MÉRIDA. CCT. 31EES0009Z.,Mérida,Mérida,7554332.74,FINALIZADA,20.95726148,-89.60828382,1,1,13/04/26 14:06,13/04/26 14:06,FALSE,100
IDEFEEY,"MANTENIMIENTO EN LA ESCUELA PRIMARIA CARMEN SERDÁN DE LA LOCALIDAD Y MUNICIPIO DE MÉRIDA, CCT. 31DPR0548E.",Mérida,Mérida,1349755.6,EN_PROCESO,20.95726148,-89.60828382,1,1,13/04/26 14:06,13/04/26 14:06,FALSE,70
IDEFEEY,"MANTENIMIENTO EN LA ESCUELA PRIMARIA ELVIRA PARRA DE LA LOCALIDAD Y MUNICIPIO DE MÉRIDA, CCT. 31EPR0039A.",Mérida,Mérida,1544100.6,EN_PROCESO,20.95726148,-89.60828382,1,1,13/04/26 14:06,13/04/26 14:06,FALSE,70
IDEFEEY,"MANTENIMIENTO EN LA ESCUELA PRIMARIA CONSUELO ANDRADE DE LA LOCALIDAD Y MUNICIPIO DE MÉRIDA, CCT. 31EPR0079B.",Mérida,Mérida,1498965.8,EN_PROCESO,20.95726148,-89.60828382,1,1,13/04/26 14:06,13/04/26 14:06,FALSE,70
IDEFEEY,"MANTENIMIENTO DE LA ESCUELA SECUNDARIA FEDERAL NO. 4 JOSÉ VASCONCELOS DE LA LOCALIDAD Y MUNICIPIO DE MÉRIDA, CCT. 31DES0010Q.",Mérida,Mérida,2225750.6,EN_PROCESO,20.95726148,-89.60828382,1,1,13/04/26 14:06,13/04/26 14:06,FALSE,70
IDEFEEY,"MANTENIMIENTO EN LA ESCUELA SECUNDARIA TÉCNICA NO. 66 DE LA LOCALIDAD Y MUNICIPIO DE MÉRIDA, CCT. 31DST2011V.",Mérida,Mérida,1749200.75,EN_PROCESO,20.95726148,-89.60828382,1,1,13/04/26 14:06,13/04/26 14:06,FALSE,70
IDEFEEY,"MANTENIMIENTO EN LA ESCUELA SECUNDARIA AURELIANO PINTO DE LA LOCALIDAD Y MUNICIPIO DE MÉRIDA, CCT. 31EES0118G.",Mérida,Mérida,1599215.38,EN_PROCESO,20.95726148,-89.60828382,1,1,13/04/26 14:06,13/04/26 14:06,FALSE,70
IDEFEEY,"CONSTRUCCIÓN Y EQUIPAMIENTO DEL CENTRO DE BACHILLERATO TECNOLÓGICO INDUSTRIAL Y DE SERVICIOS NO. 305, UBICADO EN CAUCEL, EN MERIDA, YUCATÁN",Mérida,Mérida,67500000,EN_PROCESO,20.95726148,-89.60828382,1,1,13/04/26 14:06,13/04/26 14:06,FALSE,70
IDEFEEY,"REHABILITACIÓN DEL EDIFICIO ""D"" DE LA UNIDAD ACADÉMICA BACHILLERATO CON INTERACCIÓN COMUNITARIA EN LA ESCUELA UNIDAD ACADÉMICA CON INTERACCIÓN COMUNITARIA",Mérida,Mérida,1408211,EN_PROCESO,20.95726148,-89.60828382,1,1,13/04/26 14:06,13/04/26 14:06,FALSE,70
IDEFEEY,ADECUACIÓN DE ESPACIOS PARA SALONES DE CONFERENCIAS EN EL EDIFICIO DE EX BIBLIOTECA DE LA FACULTAD DE INGENIERIA DEL CAMPUS DE CIENCIAS EXACTAS E INGENIERIAS,Mérida,Mérida,733743.43,EN_PROCESO,20.95726148,-89.60828382,1,1,13/04/26 14:06,13/04/26 14:06,FALSE,70
IDEFEEY,"REHABILITACIÓN DE LA LOSA CENTRAL DE LA BIBLIOTECA DEL CAMPUS DE CIENCIAS SOCIALES, ECONOMICO-ADMINISTRATIVA Y HUMANIDADES",Mérida,Mérida,983216.67,EN_PROCESO,20.95726148,-89.60828382,1,1,13/04/26 14:06,13/04/26 14:06,FALSE,70
IDEFEEY,"CONSTRUCCIÓN DE LOS SISTEMAS DE INSTALACIONES EN EL CENTRO DE INVESTIGACIONES REGIONALES ""DOCTOR HIDEYO NOGUCHI"" (SEGUNDA FASE CONSTRUCTIVA DEL SEGUNDO EDIFICIO)",Mérida,Mérida,14469423.64,EN_PROCESO,20.95726148,-89.60828382,1,1,13/04/26 14:06,13/04/26 14:06,FALSE,70
IDEFEEY,"CONSTRUCCIÓN DE LA OBRA CIVIL EN EL CENTRO DE INVESTIGACIONES REGIONALES ""DOCTOR HIDEYO NOGUCHI"" (SEGUNDA FASE CONSTRUCTIVA DEL SEGUNDO EDIFICIO)",Mérida,Mérida,17637639.27,EN_PROCESO,20.95726148,-89.60828382,1,1,13/04/26 14:06,13/04/26 14:06,FALSE,70
INCAY,"CONSERVACIÓN DEL ANILLO PERIFÉRICO, EN EL MUNICIPIO DE MÉRIDA (7a ETAPA)",Mérida,Mérida,59998945.34,FINALIZADA,20.95726148,-89.60828382,1,1,13/04/26 14:06,13/04/26 14:06,FALSE,100
INCAY,"
CONSTRUCCIÓN DE CALLES LATERALES EN EL CUERPO INTERIOR DEL PERIFÉRICO DE MÉRIDA. (2DA ETAPA)
",Mérida,Mérida,10895902.44,FINALIZADA,20.95726148,-89.60828382,1,1,13/04/26 14:06,13/04/26 14:06,FALSE,100
INCAY,RECONSTRUCCIÓN DE CALLES LATERALES Y OBRAS COMPLEMETARIAS EN EL ANILLO PERIFÉRICO DE MÉRIDA,Mérida,Mérida,3979372.38,FINALIZADA,20.95726148,-89.60828382,1,1,13/04/26 14:06,13/04/26 14:06,FALSE,100
INCAY,MODERNIZACIÓN DE VIALIDADES INFERIORES DEL PASO SUPERIOR VEHICULAR “CITY CENTER” EN EL MUNICIPIO DE MÉRIDA,Mérida,Mérida,88862888.69,FINALIZADA,20.95726148,-89.60828382,1,1,13/04/26 14:06,13/04/26 14:06,FALSE,100
INCAY,"MANTENIMIENTO DE LOS MÓDULOS DEL RECINTO FERIAL DE XMATKUIL, EN EL MUNICIPIO DE MÉRIDA.",Mérida,Mérida,1800469.81,FINALIZADA,20.95726148,-89.60828382,1,1,13/04/26 14:06,13/04/26 14:06,FALSE,100
INCAY,MANTENIMIENTO Y REHABILITACION DEL PASO SUPERIOR VEHICULAR (DZITYÁ) DEL ANILLO PERIFERICO DE LA CIUDAD DE MERIDA.,Mérida,Mérida,1880747.44,FINALIZADA,20.95726148,-89.60828382,1,1,13/04/26 14:06,13/04/26 14:06,FALSE,100
INCAY,MANTENIMIENTO Y LIMPIEZA DE ÁREAS VERDES EN EL ANILLO PERIFÉRICO DE MÉRIDA DEL ESTADO DE YUCATÁN.,Mérida,Mérida,11826897.16,FINALIZADA,20.95726148,-89.60828382,1,1,13/04/26 14:06,13/04/26 14:06,FALSE,100
INCAY,CONSERVACIÓN DE PUENTES VEHICULARES SOBRE EL ANILLO PERIFÉRICO DE MÉRIDA.,Mérida,Mérida,4783689.8,FINALIZADA,20.95726148,-89.60828382,1,1,13/04/26 14:06,13/04/26 14:06,FALSE,100
INCAY,MANTENIMIENTO DE PARQUES Y JARDINES EN PASEO HENEQUENES Y PASEO VERDE DE LA CIUDAD DE MERIDA.,Mérida,Mérida,8593956.89,FINALIZADA,20.95726148,-89.60828382,1,1,13/04/26 14:06,13/04/26 14:06,FALSE,100
INCAY,REHABILITACIÓN DEL ALUMBRADO PÚBLICO EN EL ANILLO PERIFÉRICO DE MÉRIDA (SECTOR 34),Mérida,Mérida,3947165.12,FINALIZADA,20.95726148,-89.60828382,1,1,13/04/26 14:06,13/04/26 14:06,FALSE,100
INCCOPY,"ELABORACIÓN DE ESTUDIOS DE PREINVERSIÓN PARA LA CONSTRUCCIÓN DE LOS CENTROS DE RENACIMIENTO KA´SIIJIL, EN EL ESTADO DE YUCATÁN",Mérida,Mérida,16791170.2,FINALIZADA,20.95726148,-89.60828382,1,1,13/04/26 14:06,13/04/26 14:06,FALSE,100
INCCOPY,"CONSTRUCCIÓN DE CENTRO DE RENACIMIENTO  KA'SIIJIL  Y OBRAS COMPLEMENTARIAS EN YUCATÁN,  YUMTSIL, IZAMAL Y TEMOZÓN",Mérida,Mérida,172500000,EN_PROCESO,20.95726148,-89.60828382,1,1,13/04/26 14:06,13/04/26 14:06,FALSE,70
INCCOPY,ESTUDIOS DE PREINVERSIÓN PARA LA MEJORA DE ESTRUCTURA DE MOVILIDAD E IMAGEN URBANA EN EL MALECÓN INTERNACIONAL DE PUERTO PROGRESO,Mérida,Mérida,681330.35,FINALIZADA,20.95726148,-89.60828382,1,1,13/04/26 14:06,13/04/26 14:06,FALSE,100
INCCOPY,ELABORACIÓN DE ESTUDIOS DE PREINVERSIÓN PARA EL PROGRAMA DE SEÑALIZACIÓN TURÍSTICA EN LOS PUEBLOS MÁGICOS DE YUCATÁN (PRIMERA ETAPA),Mérida,Mérida,681943.26,FINALIZADA,20.95726148,-89.60828382,1,1,13/04/26 14:06,13/04/26 14:06,FALSE,100
INCCOPY,ELABORACIÓN DE ESTUDIOS DE PREINVERSIÓN PARA EL ALUMBRADO E ILUMINACIÓN DE LA CALZADA DE LOS FRAILES EN LA LOCALIDAD Y MUNICIPIO DE VALLADOLID,Mérida,Mérida,335983.77,FINALIZADA,20.95726148,-89.60828382,1,1,13/04/26 14:06,13/04/26 14:06,FALSE,100
INCCOPY,ELABORACIÓN DE ESTUDIOS DE PREINVERSIÓN PARA LA CONSTRUCCIÓN DEL PARQUE PRINCIPAL EN LA LOCALIDAD Y MUNICIPIO DE RÍO LAGARTOS,Mérida,Mérida,336074.05,FINALIZADA,20.95726148,-89.60828382,1,1,13/04/26 14:06,13/04/26 14:06,FALSE,100
INCCOPY,CONSTRUCCIÓN DE DOMO EN EL PARQUE KIIWIK DE LA COLONIA AZCORRA EN EL MUNICIPIO DE MÉRIDA,Mérida,Mérida,3599768.16,EN_PROCESO,20.95726148,-89.60828382,1,1,13/04/26 14:06,13/04/26 14:06,FALSE,70
INCCOPY,"CONSTRUCCIÓN DE DOMO Y OBRAS COMPLEMENTARIAS EN EL PARQUE FOVISSTE MORELOS, MUNICIPIO DE MÉRIDA, YUCATÁN",Mérida,Mérida,3980748.29,EN_PROCESO,20.95726148,-89.60828382,1,1,13/04/26 14:06,13/04/26 14:06,FALSE,70
INCCOPY,"REHABILITACIÓN DEL PARQUE DENOMINADO ""ÁGUILAS ITURRALDE"" DEL FRACCIONAMIENTO DENOMINADO ""JOSÉ MARÍA ITURRALDE"" DEL MUNICIPIO DE MÉRIDA YUCATÁN.",Mérida,Mérida,4728349.31,EN_PROCESO,20.95726148,-89.60828382,1,1,13/04/26 14:06,13/04/26 14:06,FALSE,70
INCCOPY,"REHABILITACIÓN DEL PARQUE DENOMINADO ""CARLOS ALBERTO CAMARGO BASTARRACHEA"" DE LA COLONIA MAYA DEL MUNICIPIO DE MÉRIDA YUCATÁN.",Mérida,Mérida,2928260.05,EN_PROCESO,20.95726148,-89.60828382,1,1,13/04/26 14:06,13/04/26 14:06,FALSE,70
INCCOPY,REHABILITACIÓN DEL PARQUE DE LA COLONIA AMALIA SOLÓRZANO EN EL MUNICIPIO DE MÉRIDA YUCATÁN,Mérida,Mérida,4228349.32,EN_PROCESO,20.95726148,-89.60828382,1,1,13/04/26 14:06,13/04/26 14:06,FALSE,70
INCCOPY,"REHABILITACIÓN DE LA ZONA DE JUEGOS INFANTILES EN EL PARQUE ""KIIWIK"" DE LA COLONIA AZCORRA EN EL MUNICIPIO DE MÉRIDA YUCATÁN",Mérida,Mérida,2852459.72,EN_PROCESO,20.95726148,-89.60828382,1,1,13/04/26 14:06,13/04/26 14:06,FALSE,70
INCCOPY,"CONSTRUCCIÓN DE CUBIERTA A BASE DE VELARIA Y OBRAS COMPLEMENTARIAS EN EL PARQUE DE PENSIONES SÉPTIMA ETAPA EN EL MUNICIPIO DE MÉRIDA, YUCATÁN",Mérida,Mérida,2484464.86,EN_PROCESO,20.95726148,-89.60828382,1,1,13/04/26 14:06,13/04/26 14:06,FALSE,70
INCCOPY,"CONSTRUCCIÓN DE OBRAS COMPLEMENTARIAS EN EL PARQUE DENOMINADO ""PARQUE PARA LAS PERSONAS CON DISCAPACIDAD"" UBICADO EN CIUDAD CAUCEL, MUNICIPIO DE MÉRIDA YUCATÁN",Mérida,Mérida,1997515.46,EN_PROCESO,20.95726148,-89.60828382,1,1,13/04/26 14:06,13/04/26 14:06,FALSE,70
INCCOPY,"REHABILITACIÓN DEL PARQUE DENOMINADO ""FOVISSSTE MORELOS ANDADOR SEIS"" EN EL MUNICIPIO DE MÉRIDA, YUCATÁN.",Mérida,Mérida,1988685.9,EN_PROCESO,20.95726148,-89.60828382,1,1,13/04/26 14:06,13/04/26 14:06,FALSE,70
INCCOPY,"CONSTRUCCIÓN DE MUROS Y OBRAS COMPLEMENTARIAS EN EL ANTIGUO CAIMEDE EN EL MUNICIPIO DE MÉRIDA, YUCATÁN.",Mérida,Mérida,749846.94,FINALIZADA,20.95726148,-89.60828382,1,1,13/04/26 14:06,13/04/26 14:06,FALSE,100
INCCOPY,"CONSTRUCCIÓN DE BANQUETAS EN COLONIAS Y COMISARIAS DEL MUNICIPIO DE MÉRIDA (UNIDAD HABITACIONAL MILITAR DÉCIMA REGIÓN MILITAR Y COLONIA SALVADOR ALVARADO SUR) EN EL MUNICIPIO DE MÉRIDA, YUCATÁN.",Mérida,Mérida,3029193.26,FINALIZADA,20.95726148,-89.60828382,1,1,13/04/26 14:06,13/04/26 14:06,FALSE,100
INCCOPY,"CONSTRUCCIÓN DE CERCA PERIMETRAL Y OBRAS COMPLEMENTARIAS EN EL CLUB ESPECIAL AYELEM A.C. EN EL MUNICIPIO DE MÉRIDA, YUCATÁN.",Mérida,Mérida,399069.39,FINALIZADA,20.95726148,-89.60828382,1,1,13/04/26 14:06,13/04/26 14:06,FALSE,100
INCCOPY,"CONSTRUCCIÓN DE BANQUETAS, ANDADORES Y OBRAS COMPLEMENTARIAS EN COLONIAS DEL MUNICIPIO DE MÉRIDA (AMALIA SOLÓRZANO, CHICHÉN ITZÁ)",Mérida,Mérida,1996273.7,EN_PROCESO,20.95726148,-89.60828382,1,1,13/04/26 14:06,13/04/26 14:06,FALSE,70
INCCOPY,ELABORACIÓN DE ESTUDIOS DE PREINVERSIÓN PARA LA CONSTRUCCIÓN DE DOS PLATAFORMAS EN LAS TERMINALES MARÍTIMAS ESPECIALIZADAS EN EL PUERTO DE ALTURA EN EL MUNICIPIO DE PROGRESO YUCATAN,Mérida,Mérida,35279553.67,FINALIZADA,20.95726148,-89.60828382,1,1,13/04/26 14:06,13/04/26 14:06,FALSE,100
INCCOPY,"MEJORAMIENTO DE LOS MÓDULOS Y EL ÁREA ADMINISTRATIVA, REPARACIÓN DE FILTRACIONES DE AGUA E IMPERMEABILIZACIÓN DE AZOTEAS DEL CENTRO DE REINSERCIÓN SOCIAL EN MÉRIDA",Mérida,Mérida,3271365.47,FINALIZADA,20.95726148,-89.60828382,1,1,13/04/26 14:06,13/04/26 14:06,FALSE,100
INCCOPY,"MEJORAMIENTO Y REHABILITACIÓN DE LOS MÓDULOS A Y B CON CATORCE CELDAS DEL CENTRO DE REHABILITACIÓN SOCIAL FEMENIL, EN MÉRIDA",Mérida,Mérida,1779387.6,EN_PROCESO,20.95726148,-89.60828382,1,1,13/04/26 14:06,13/04/26 14:06,FALSE,70
INCCOPY,PUENTE PEATONAL UBICADO EN EL CIRCUITO PERIFÉRICO LIC. MANUEL BERZUNZA Y BERZUNZA KM 23.5 CENTRO DE REHABILITACIÓN COTTOLENGO EN EL MUNICIPIO DE MÉRIDA YUCATÁN,Mérida,Mérida,15637875.2,EN_PROCESO,20.95726148,-89.60828382,1,1,13/04/26 14:06,13/04/26 14:06,FALSE,70
INCCOPY,SUPERVISIÓN DEL PUENTE PEATONAL UBICADO EN EL CIRCUITO PERIFÉRICO LIC. MANUEL BERZUNZA Y BERZUNZA KM 23.5 CENTRO DE REHABILITACIÓN DE COTTOLENGO EN EL MUNICIPIO DE MÉRIDA YUCATÁN,Mérida,Mérida,656056.82,EN_PROCESO,20.95726148,-89.60828382,1,1,13/04/26 14:06,13/04/26 14:06,FALSE,70
INCCOPY,ELABORACIÓN DE PROYECTO DEL REFUGIO PARA MUJERES EN YUCATÁN,Mérida,Mérida,2957565.16,EN_PROCESO,20.95726148,-89.60828382,1,1,13/04/26 14:06,13/04/26 14:06,FALSE,70
INCCOPY,"CONSTRUCCIÓN DE LINEA DE MEDIA TENSIÓN SUBTERRÁNEA PARA EL SUMINISTRO DE ENERGÍA ELÉCTRICA DEL SISTEMA DE REBOMBEO DE AGUA POTABLE DEL NUEVO HOSPITAL O´HORÁN EN EL MUNICIPIO DE MÉRIDA, YUCATÁN",Mérida,Mérida,1965646.96,FINALIZADA,20.95726148,-89.60828382,1,1,13/04/26 14:06,13/04/26 14:06,FALSE,100
INCCOPY,"REMODELACIÓN, REACONDICIONAMIENTO Y REHABILITACIÓN DE LAS INSTALACIONES DEL CENTRO DE ATENCIÓN INFANTIL ""LINA LOPEZ DE ESQUIVEL"" (ITZIMNÁ) EN EL MUNICIPIO DE MÉRIDA",Mérida,Mérida,2585015.44,EN_PROCESO,20.95726148,-89.60828382,1,1,13/04/26 14:06,13/04/26 14:06,FALSE,70
INCCOPY,"OBRA NUEVA: CONSTRUCCIÓN DE OBRAS COMPLEMENTARIAS EN INFRAESTRUCTURA ELÉCTRICA DEL CENTRO DE ATENCIÓN INFANTIL ""LINA LÓPEZ DE ESQUIVEL"" EN EL MUNICIPIO DE MÉRIDA.",Mérida,Mérida,1999697.66,EN_PROCESO,20.95726148,-89.60828382,1,1,13/04/26 14:06,13/04/26 14:06,FALSE,70
INCCOPY,"REMODELACIÓN, REACONDICIONAMIENTO Y REHABILITACIÓN DE LAS INSTALACIONES DEL CENTRO DE ATENCIÓN INFANTIL ""OLGA MANZANO MORENO"" (COLONIA REPARTO GRANJAS)",Mérida,Mérida,2531160.99,EN_PROCESO,20.95726148,-89.60828382,1,1,13/04/26 14:06,13/04/26 14:06,FALSE,70
INCCOPY,"REMODELACIÓN, REACONDICIONAMIENTO Y REHABILITACIÓN DE LAS INSTALACIONES DEL CENTRO DE ATENCIÓN INFANTIL ""CORDEMEX""",Mérida,Mérida,1699985.27,EN_PROCESO,20.95726148,-89.60828382,1,1,13/04/26 14:06,13/04/26 14:06,FALSE,70
INCCOPY,"OBRA NUEVA: OBRAS COMPLEMENTARIAS EN INFRAESTRUCTURA EN MEDIA TENSIÓN PARA EL CENTRO DE ATENCIÓN INFANTIL ""CORDEMEX"" EN EL MUNICIPIO DE MÉRIDA YUCATÁN",Mérida,Mérida,996914.93,EN_PROCESO,20.95726148,-89.60828382,1,1,13/04/26 14:06,13/04/26 14:06,FALSE,70
INCCOPY,"REMODELACIÓN, REACONDICIONAMIENTO Y REHABILITACIÓN DE LAS INSTALACIONES DEL CENTRO DE ASISTENCIA SOCIAL PARA NIÑOS, NIÑAS Y ADOLESCENTES MIGRANTES EN YUCATÁN, CASA UÚLAB EN LA COLONIA AMPLIACIÓN NUEVA MULSAY.",Mérida,Mérida,1298464.57,EN_PROCESO,20.95726148,-89.60828382,1,1,13/04/26 14:06,13/04/26 14:06,FALSE,70
JUNTA DE AGUA POTABLE Y ALCANTARILLADO DE YUCATÁN,"REHABILITACIÓN Y MEJORAMIENTO DE EFICIENCIA DE LAS INSTALACIONES ELÉCTRICAS  E HIDRÁULICAS DEL CÁRCAMO DE BOMBEO, CONSTRUCCIÓN Y EQUIPAMIENTO DEL PRETRATAMIENTO DE LA PTAR ALTABRISA DE 50 LPS. DEL MUNICIPIO DE MÉRIDA, DEL ESTADO DE YUCATÁN.",Mérida,Mérida,6217073.92,FINALIZADA,20.95726148,-89.60828382,1,1,13/04/26 14:06,13/04/26 14:06,FALSE,100
JUNTA DE AGUA POTABLE Y ALCANTARILLADO DE YUCATÁN,"REHABILITACIÓN DE LAS INSTALACIONES ELÉCTRICAS, HIDRÁULICAS Y EQUIPAMIENTO DE LA PLANTA DE TRATAMIENTO DE AGUAS RESIDUALES  ALEMÁN DE 20LPS, PARA EL CUMPLIMIENTO DE LA NOM -001-SEMARNAT-2021, EN LA CIUDAD DE MÉRIDA, YUCATÁN.",Mérida,Mérida,3378222.77,FINALIZADA,20.95726148,-89.60828382,1,1,13/04/26 14:06,13/04/26 14:06,FALSE,100
JUNTA DE AGUA POTABLE Y ALCANTARILLADO DE YUCATÁN,"REHABILITACIÓN Y MEJORAMIENTO DE LAS INSTALACIONES ELÉCTRICAS E HIDRÁULICAS DE LA PLANTA DE TRATAMIENTO DE AGUAS RESIDUALES FIDEL VELÁZQUEZ DE 8.0 LPS PARA CUMPLIMIENTO DE LA NOM -001-SEMARNAT-2021, EN LA CIUDAD DE MÉRIDA, YUCATÁN.",Mérida,Mérida,3018727.02,FINALIZADA,20.95726148,-89.60828382,1,1,13/04/26 14:06,13/04/26 14:06,FALSE,100
JUNTA DE AGUA POTABLE Y ALCANTARILLADO DE YUCATÁN,"REHABILITACIÓN DE LAS INSTALACIONES ELÉCTRICAS  E HIDRÁULICAS DE LA PLANTA DE TRATAMIENTO DE AGUAS RESIDUALES SAN PEDRO CHOLUL DE 27.5 LPS  PARA CUMPLIMIENTO DE LA NOM -001-SEMARNAT-2021, EN LA CIUDAD DE MÉRIDA, YUCATÁN.",Mérida,Mérida,4547904.1,FINALIZADA,20.95726148,-89.60828382,1,1,13/04/26 14:06,13/04/26 14:06,FALSE,100
JUNTA DE AGUA POTABLE Y ALCANTARILLADO DE YUCATÁN,"REHABILITACIÓN, REDISEÑO Y AMPLIACIÓN DE CAPACIDAD DE LA PLANTA DE TRATAMIENTO DE AGUAS RESIDUALES PASEOS DE OPICHÉN PARA CUMPLIMIENTO DE LA NOM-001 SEMARNAT-2021",Mérida,Mérida,14131055.56,FINALIZADA,20.95726148,-89.60828382,1,1,13/04/26 14:06,13/04/26 14:06,FALSE,100
JUNTA DE AGUA POTABLE Y ALCANTARILLADO DE YUCATÁN,CONSTRUCCIÓN DE LA ZONA DE CAPTACIÓN EN LA COLONIA ZAZIL-HA DE LA LOCALIDAD Y MUNICIPIO DE MÉRIDA.,Mérida,Mérida,3199880.32,FINALIZADA,20.95726148,-89.60828382,1,1,13/04/26 14:06,13/04/26 14:06,FALSE,100
JUNTA DE AGUA POTABLE Y ALCANTARILLADO DE YUCATÁN,CONSTRUCCIÓN DE LA ZONA DE CAPTACIÓN EN LA COLONIA NORA QUINTANA EN LA LOCALIDAD Y MUNICIPIO DE MÉRIDA.,Mérida,Mérida,2763329.9,FINALIZADA,20.95726148,-89.60828382,1,1,13/04/26 14:06,13/04/26 14:06,FALSE,100
JUNTA DE AGUA POTABLE Y ALCANTARILLADO DE YUCATÁN,REHABILITACIÓN Y MEJORAMIENTO DE LA PLANTA DE TRATAMIENTO DE AGUAS RESIDUALES EN EL FRACCIONAMIENTO ALTABRISA DEL MUNICIPIO DE MÉRIDA,Mérida,Mérida,1442121.78,FINALIZADA,20.95726148,-89.60828382,1,1,13/04/26 14:06,13/04/26 14:06,FALSE,100
JUNTA DE AGUA POTABLE Y ALCANTARILLADO DE YUCATÁN,AMPLIACIÓN DE LA RED DE DISTRIBUCIÓN EN LA COLONIA SAN ANTONIO XLUCH III DEL MUNICIPIO DEL MÉRIDA DEL ESTADO DE YUCATÁN.,Mérida,Mérida,373026.51,FINALIZADA,20.95726148,-89.60828382,1,1,13/04/26 14:06,13/04/26 14:06,FALSE,100
JUNTA DE AGUA POTABLE Y ALCANTARILLADO DE YUCATÁN,"CONSTRUCCIÓN DE ZONA DE CAPTACIÓN EN EL FRACCIONAMIENTO ALTOZANO, LOCALIDAD DE TAMANCHÉ, MUNICIPIO DE MÉRIDA",Mérida,Mérida,539648.61,FINALIZADA,20.95726148,-89.60828382,1,1,13/04/26 14:06,13/04/26 14:06,FALSE,100
SSY,"TRABAJOS INTEGRALES DE MANTENIMIENTO PREVENTIVO Y CORRECTIVO EN INFRAESTRUCTURA FÍSICA, INSTALACIONES ELECTROMECÁNICAS, HIDRÁULICAS, SANITARIAS, DE CLIMATIZACIÓN Y EQUIPAMIENTO, ASÍ COMO DOTACIÓN DE EQUIPO MÉDICO EN HOSPITAL GENERAL DR. AGUSTÍN O´HORÁN, LABORATORIO  ESTATAL  DE  SALUD  PÚBLICA, UNEME DE ONCOLOGÍA, HOSPITAL PSIQUIÁTRICO DE YUCATÁN, CENTRO DERMATOLÓGICO, CENTRO DE SALUD URBANO DE SANTA ROSA, CECOSAMA DZUNUNCÁN, CENTRO DE SALUD MÉRIDA, CENTRO DE SALUD CAUCEL, CAPA DZUNUNCÁN, UNEME EC MAYAPÁN, CECOSAMA MAYAPÁN, CECOSAMA YUCALPETEN, CECOSAMA DZUNUNCAN.",Mérida,Mérida,72108487.4,FINALIZADA,20.95726148,-89.60828382,1,1,13/04/26 14:06,13/04/26 14:06,FALSE,100
INCCOPY,"CONSTRUCCIÓN DE DOMO EN EL PARQUE DENOMINADO ""EL PEZ VOLADOR"" DE LA COLONIA PACABTÚN EN LA LOCALIDAD Y MUNICIPIO DE MÉRIDA",Mérida,PACABTÚN,4696487.67,EN_PROCESO,20.95726148,-89.60828382,1,1,13/04/26 14:06,13/04/26 14:06,FALSE,70
JUNTA DE AGUA POTABLE Y ALCANTARILLADO DE YUCATÁN,"CONSTRUCCIÓN DE ZONA DE CAPTACIÓN Y RED DE CONDUCCIÓN DE 8"" EN LA COLONIA SAN ANTONIO XLUCH III DEL MUNICIPIO DE MÉRIDA DEL ESTADO DE YUCATÁN.",Mérida,Mérida,3830720.46,FINALIZADA,20.95726148,-89.60828382,1,1,13/04/26 14:06,13/04/26 14:06,FALSE,100
IDEFEEY,"EQUIPAMIENTO DE TECNOLOGÍAS DE LA INFORMACIÓN Y LAS COMUNICACIONES  EN EL COLEGIO DE BACHILLERES PLANTEL SAN JOSE TZAL DE LA LOCALIDAD DE SAN JOSÉ TZAL MUNICIPIO DE MÉRIDA, CCT. 31ECB0037Y.",Mérida,Mérida,46316.36,EN_PROCESO,20.95726148,-89.60828382,1,1,13/04/26 14:06,13/04/26 14:06,FALSE,70
IDEFEEY,"EQUIPAMIENTO DE TIC PARA PLANTELES DEL SUBSISTEMA DE BACHILLERES DE LA LOCALIDAD DE MÉRIDA Y MUNICIPIO DE SAN JOSÉ TZAL
 CCT. 31ECB0037Y",Mérida,Mérida,29002.06,EN_PROCESO,20.95726148,-89.60828382,1,1,13/04/26 14:06,13/04/26 14:06,FALSE,70
IDEFEEY,"CONSTRUCCIÓN DE UN AULA DIDÁCTICA EN LA ESCUELA SECUNDARIA LEANDRO VALLE DE LA LOCALIDAD DE SAN PEDRO CHIMAY, MUNICIPIO DE MÉRIDA, CCT. 31ETV0056Q.",Mérida,Mérida,886915.5,FINALIZADA,20.95726148,-89.60828382,1,1,13/04/26 14:06,13/04/26 14:06,FALSE,100
JUNTA DE AGUA POTABLE Y ALCANTARILLADO DE YUCATÁN,"REHABILITACIÓN DE PLANTA DE TRATAMIENTO DE AGUAS RESIDUALES DE SANTA CRUZ PALOMEQUE IVEY, PARA CUMPLIMIENTO DE LA NOM-001-SEMARNAT-2021 EN LA CIUDAD DE MÉRIDA, YUCATÁN.",Mérida,Mérida,5102251.46,FINALIZADA,20.95726148,-89.60828382,1,1,13/04/26 14:06,13/04/26 14:06,FALSE,100
IDEFEEY,"MANTENIMIENTO EN LA ESCUELA PRIMARIA NARCISO MENDOZA DE LA LOCALIDAD DE TAMANCHÉ, MUNICIPIO DE MÉRIDA. CCT. 31DPR0959G",Mérida,Mérida,1453006.97,FINALIZADA,20.95726148,-89.60828382,1,1,13/04/26 14:06,13/04/26 14:06,FALSE,100
IDEFEEY,"CONSTRUCCIÓN DE UN AULA DIDÁCTICA EN LA ESCUELA PREESCOLAR CUITLÁHUAC DE LA LOCALIDAD DE TIXCACAL, MUNICIPIO DE MÉRIDA, CCT. 31DCC0232A ",Mérida,Mérida,868176.74,FINALIZADA,20.95726148,-89.60828382,1,1,13/04/26 14:06,13/04/26 14:06,FALSE,100
INCAY,"CONSTRUCCIÓN DE OBRA COMPLEMENTARIA EN LA CALLE DE ACCESO AL ESTACIOMAMIENTO DEL RECINTO FERIAL DE LA LOCALIDAD DE XMATKUIL, EN EL MUNICIPIO DE MÉRIDA.",Mérida,Mérida,2610000,FINALIZADA,20.95726148,-89.60828382,1,1,13/04/26 14:06,13/04/26 14:06,FALSE,100
INCCOPY,REHABILITACIÓN DE GRADAS EN EL CENTRO DE ESPECTÁCULOS MONTEJO EN EL RECINTO FERIAL DE XMATKUIL,Mérida,Mérida,18740144.98,FINALIZADA,20.95726148,-89.60828382,1,1,13/04/26 14:06,13/04/26 14:06,FALSE,100
IDEFEEY,"CONSTRUCCIÓN DE UN COMEDOR EN LA ESCUELA PRIMARIA GUILLERMO PRIETO, DE LA LOCALIDAD Y MUNICIPIO DE MOCOCHÁ, CCT. 31DPR0429R",Mocochá,Mocochá,1492131.98,EN_PROCESO,21.12497802,-89.45401211,1,1,13/04/26 14:06,13/04/26 14:06,FALSE,70
SSY,ACCIONES DE MANTENIMIENTO DE INFRAESTRUCTURA EN EL CENTRO DE SALUD DE MOCOCHÁ,Mocochá,Mocochá,2728.32,FINALIZADA,21.12497802,-89.45401211,1,1,13/04/26 14:06,13/04/26 14:06,FALSE,100
JUNTA DE AGUA POTABLE Y ALCANTARILLADO DE YUCATÁN,REHABILITACIÓN DEL SISTEMA DE CAPTACIÓN DE AGUA POTABLE DE LA LOCALIDAD DE KINÍ DEL MUNICIPIO DE MOTUL DEL ESTADO DE YUCATÁN.,Motul,Motul,1193288.68,FINALIZADA,21.13433413,-89.25475257,1,1,13/04/26 14:06,13/04/26 14:06,FALSE,100
IDEFEEY,INSTALACIÓN DE BANCO DE TRANSFORMACIÓN / SUBESTACIÓN EN LA ESCUELA SECUNDARIA JUAN DE DIOS RODRÍGUEZ HEREDIA DE LA LOCALIDAD Y MUNICIPIO DE MOTUL. CCT. 31DES0021W,Motul,Motul,695437.6,FINALIZADA,21.13433413,-89.25475257,1,1,13/04/26 14:06,13/04/26 14:06,FALSE,100
IDEFEEY,TRÁMITE PARA LA INSTALACIÓN DE BANCO DE TRANSFORMACIÓN / SUBESTACIÓN EN LA ESCUELA SECUNDARIA JUAN DE DIOS RODRÍGUEZ HEREDIA DE LA LOCALIDAD Y MUNICIPIO DE MOTUL. CCT. 31DES0021W,Motul,Motul,99889.14,EN_PROCESO,21.13433413,-89.25475257,1,1,13/04/26 14:06,13/04/26 14:06,FALSE,70
INCAY,RECONSTRUCCION DEL CAMINO KAMBUL-MESATUNICH EN EL MUNICIPIO DE MOTUL,Motul,Motul,4450000,FINALIZADA,21.13433413,-89.25475257,1,1,13/04/26 14:06,13/04/26 14:06,FALSE,100
SEDER,PROGRAMA CAMINOS RENACIMIENTO,Motul,Motul,1200000,FINALIZADA,21.13433413,-89.25475257,1,1,13/04/26 14:06,13/04/26 14:06,FALSE,100
SSY,ACCIONES DE MANTENIMIENTO DE INFRAESTRUCTURA EN EL U.M.R UCI,Motul,Motul,14616,FINALIZADA,21.13433413,-89.25475257,1,1,13/04/26 14:06,13/04/26 14:06,FALSE,100
JUNTA DE AGUA POTABLE Y ALCANTARILLADO DE YUCATÁN,REHABILITACIÓN DEL SISTEMA DE CAPTACIÓN DE AGUA POTABLE DE LA LOCALIDAD DE UCÍ DEL MUNICIPIO DE MOTUL DEL ESTADO DE YUCATÁN.,Motul,Motul,1189305.5,FINALIZADA,21.13433413,-89.25475257,1,1,13/04/26 14:06,13/04/26 14:06,FALSE,100
IDEFEEY,"CONSTRUCCIÓN DE UN COMEDOR EN LA ESCUELA PRIMARIA LEOPOLDO ARANA CABRERA, DE LA LOCALIDAD Y MUNICIPIO DE MUNA, CCT. 31DPR0849A ",Muna,Muna,1524490.33,EN_PROCESO,20.48985792,-89.72680325,1,1,13/04/26 14:06,13/04/26 14:06,FALSE,70
SEDER,PROGRAMA CAMINOS RENACIMIENTO,Muna,Muna,560000,FINALIZADA,20.48985792,-89.72680325,1,1,13/04/26 14:06,13/04/26 14:06,FALSE,100
SEDER,PROGRAMA CAMINOS RENACIMIENTO,Muxupip,Muxupip,640000,FINALIZADA,21.04999734,-89.31243901,1,1,13/04/26 14:06,13/04/26 14:06,FALSE,100
SSY,ACCIONES DE MANTENIMIENTO DE INFRAESTRUCTURA EN EL CENTRO DE SALUD DE MUXUPIP,Muxupip,Muxupip,19406.8,FINALIZADA,21.04999734,-89.31243901,1,1,13/04/26 14:06,13/04/26 14:06,FALSE,100
JUNTA DE AGUA POTABLE Y ALCANTARILLADO DE YUCATÁN,REHABILITACIÓN DE SISTEMAS DE CAPTACIÓN DE AGUA POTABLE DE LA LOCALIDAD DE MUXUPIP DEL MUNICIPIO DE MUXUPIP DEL ESTADO DE YUCATÁN.,Muxupip,Muxupip,3337048.68,FINALIZADA,21.04999734,-89.31243901,1,1,13/04/26 14:06,13/04/26 14:06,FALSE,100
IVEY,"CONSTRUCCIÓN DE 45 ACCIONES  DE VIVIENDA EN LOS MUNICIPIOS DE MUXUPIP (31) Y YAXKUKUL (14), EN EL ESTADO DE YUCATÁN.",Muxupip,Muxupip,3945987.77,FINALIZADA,21.04999734,-89.31243901,1,1,13/04/26 14:06,13/04/26 14:06,FALSE,100
IDEFEEY,"EQUIPAMIENTO DE TECNOLOGÍAS DE LA INFORMACIÓN Y LAS COMUNICACIONES  EN EL COLEGIO DE BACHILLERES PLANTEL OPICHÉN DE LA LOCALIDAD Y MUNICIPIO DE OPICHÉN, CCT. 31ECB0065U.",Opichén,Opichén,46316.36,EN_PROCESO,20.56598671,-89.84836352,1,1,13/04/26 14:06,13/04/26 14:06,FALSE,70
IDEFEEY,"CONSTRUCCIÓN DE DOS AULAS EN EL COLEGIO DE BACHILLERES PLANTEL OPICHÉN DE LA LOCALIDAD Y MUNICIPIO DE OPICHÉN, CCT. 31ECB0065U.",Opichén,Opichén,2914699.04,EN_PROCESO,20.56598671,-89.84836352,1,1,13/04/26 14:06,13/04/26 14:06,FALSE,70
SEDER,PROGRAMA CAMINOS RENACIMIENTO,Opichén,Opichén,640000,FINALIZADA,20.56598671,-89.84836352,1,1,13/04/26 14:06,13/04/26 14:06,FALSE,100
INCAY,REHABILITACION DE LA CARRETERA EMILIANO ZAPATA-XUL EN EL MUNICIPIO DE OXKUTZCAB.,Oxkutzcab,Oxkutzcab,56189079.77,FINALIZADA,20.20694925,-89.44325226,1,1,13/04/26 14:06,13/04/26 14:06,FALSE,100
IDEFEEY,"CONSTRUCCIÓN DE AULA DE LA PREPARATORIA ESTATAL No. 9 VICTOR CERVERA PACHECO DE LA LOCALIDAD Y MUNICIPIO DE OXKUTZCAB, CCT: 31EBH0036U.",Oxkutzcab,Oxkutzcab,1082671.4,FINALIZADA,20.20694925,-89.44325226,1,1,13/04/26 14:06,13/04/26 14:06,FALSE,100
IDEFEEY,"EQUIPAMIENTO DE AULA DE LA PREPARATORIA ESTATAL No. 9 VICTOR CERVERA PACHECO DE LA LOCALIDAD Y MUNICIPIO DE OXKUTZCAB, CCT: 31EBH0036U.",Oxkutzcab,Oxkutzcab,147328.6,EN_PROCESO,20.20694925,-89.44325226,1,1,13/04/26 14:06,13/04/26 14:06,FALSE,70
JUNTA DE AGUA POTABLE Y ALCANTARILLADO DE YUCATÁN,REHABILITACIÓN DEL SISTEMA DE CAPTACIÓN DE AGUA POTABLE DE LA LOCALIDAD DE SAN JUAN DEL RÍO DEL MUNICIPIO DE PANABÁ DEL ESTADO DE YUCATÁN,Panabá,Panabá,999340.84,FINALIZADA,21.35245975,-88.26448926,1,1,13/04/26 14:06,13/04/26 14:06,FALSE,100
JUNTA DE AGUA POTABLE Y ALCANTARILLADO DE YUCATÁN,REHABILITACIÓN DEL SISTEMA DE CAPTACIÓN DE AGUA POTABLE DE LA LOCALIDAD DE CENOTE YALSIHÓN BUENA FE DEL MUNICIPIO DE PANABÁ DEL ESTADO DE YUCATÁN.,Panabá,Panabá,1171706.85,FINALIZADA,21.35245975,-88.26448926,1,1,13/04/26 14:06,13/04/26 14:06,FALSE,100
JUNTA DE AGUA POTABLE Y ALCANTARILLADO DE YUCATÁN,REHABILITACIÓN DE SISTEMAS DE CAPTACIÓN DE AGUA POTABLE DE LA LOCALIDAD DE LOCHÉ DEL MUNICIPIO DE PANABÁ DEL ESTADO DE YUCATÁN.,Panabá,Panabá,1940878.53,FINALIZADA,21.35245975,-88.26448926,1,1,13/04/26 14:06,13/04/26 14:06,FALSE,100
IDEFEEY,REHABILITACIÓN DE MODULO SANITARIO CECYTEY 05 DE LA LOCALIDAD Y MUNICIPIO DE PANABÁ.  CCT. 31ETC0005V.,Panabá,Panabá,698393.56,FINALIZADA,21.35245975,-88.26448926,1,1,13/04/26 14:06,13/04/26 14:06,FALSE,100
INCCOPY,CONSTRUCCIÓN DE DOMO Y OBRAS COMPLEMENTARIAS EN EL MUNICIPIO DE PANABÁ YUCATÁN,Panabá,Panabá,4343890.14,EN_PROCESO,21.35245975,-88.26448926,1,1,13/04/26 14:06,13/04/26 14:06,FALSE,70
SEDER,PROGRAMA CAMINOS RENACIMIENTO,Panabá,Panabá,1120000,FINALIZADA,21.35245975,-88.26448926,1,1,13/04/26 14:06,13/04/26 14:06,FALSE,100
SSY,ACCIONES DE MANTENIMIENTO DE INFRAESTRUCTURA EN EL CENTRO DE SALUD DE PANABÁ,Panabá,Panabá,18838.4,FINALIZADA,21.35245975,-88.26448926,1,1,13/04/26 14:06,13/04/26 14:06,FALSE,100
JUNTA DE AGUA POTABLE Y ALCANTARILLADO DE YUCATÁN,REHABILITACIÓN DE SISTEMAS DE CAPTACIÓN DE AGUA POTABLE DE LA LOCALIDAD DE PANABÁ DEL MUNICIPIO DE PANABÁ DEL ESTADO DE YUCATÁN.,Panabá,Panabá,3271062.26,FINALIZADA,21.35245975,-88.26448926,1,1,13/04/26 14:06,13/04/26 14:06,FALSE,100
IVEY,"CONSTRUCCIÓN DE 52 ACCIONES  DE VIVIENDA EN LOS MUNICIPIOS DE PANABÁ (42) Y SUCILÁ (10), EN EL ESTADO DE YUCATÁN.",Panabá,Panabá,5329194.78,FINALIZADA,21.35245975,-88.26448926,1,1,13/04/26 14:06,13/04/26 14:06,FALSE,100
JUNTA DE AGUA POTABLE Y ALCANTARILLADO DE YUCATÁN,REHABILITACIÓN DEL SISTEMA DE CAPTACIÓN DE AGUA POTABLE DE LA LOCALIDAD DE SAN FRANCISCO DEL MUNICIPIO DE PANABÁ DEL ESTADO DE YUCATÁN.,Panabá,Panabá,1006613.52,FINALIZADA,21.35245975,-88.26448926,1,1,13/04/26 14:06,13/04/26 14:06,FALSE,100
SEDER,PROGRAMA CAMINOS RENACIMIENTO,Peto,Peto,1560000,FINALIZADA,20.0460361,-88.85781069,1,1,13/04/26 14:06,13/04/26 14:06,FALSE,100
JUNTA DE AGUA POTABLE Y ALCANTARILLADO DE YUCATÁN,"DIAGNÓSTICO, ESTUDIO DE ALTERNATIVAS Y PROYECTO EJECUTIVO DE REHABILITACIÓN Y MODERNIZACIÓN DE LA PLANTA DE TRATAMIENTO DE AGUAS RESIDUALES FLAMBOYANES Y ALCANTARILLADO SANITARIO DEL MUNICIPIO DE PROGRESO, ESTADO DE YUCATÁN",Progreso,Progreso,2673898.72,FINALIZADA,21.282778,-89.663611,1,1,13/04/26 14:06,13/04/26 14:06,FALSE,100
INCCOPY,"RECONSTRUCCIÓN DE ACCESO PEATONAL AL MUELLE DE PESCADORES EN LA LOCALIDAD DE CHUBURNÁ, MUNICIPIO DE PROGRESO, YUCATÁN.",Progreso,Progreso,3689231.9,FINALIZADA,21.282778,-89.663611,1,1,13/04/26 14:06,13/04/26 14:06,FALSE,100
IDEFEEY,"REHABILITACIÓN ESTRUCTURAL EN LA ESCUELA PRIMARIA MÁRTIRES DE CHICAGO DE LA LOCALIDAD Y MUNICIPIO DE PROGRESO, CCT. 31DPR0976X",Progreso,Progreso,5637617.37,FINALIZADA,21.282778,-89.663611,1,1,13/04/26 14:06,13/04/26 14:06,FALSE,100
IDEFEEY,"PINTURA, IMPERMEABILIZACIÓN DE TECHOS, ALBAÑILERÍA, CANCELERÍA, EN LA ESCUELA PREESCOLAR JUAN CRISÓSTOMO CANO Y CANO DE LA LOCALIDAD Y MUNICIPIO DE PROGRESO, CCT. 31DJN0018Z.",Progreso,Progreso,1077018.92,FINALIZADA,21.282778,-89.663611,1,1,13/04/26 14:06,13/04/26 14:06,FALSE,100
IDEFEEY,REMOZAMIENTO GENERAL EN LA ESCUELA SECUNDARIA TÉCNICA No. 8 DE LA LOCALIDAD Y MUNICIPIO DE PROGRESO. CCT. 31DST0008U,Progreso,Progreso,3362453.4,FINALIZADA,21.282778,-89.663611,1,1,13/04/26 14:06,13/04/26 14:06,FALSE,100
IDEFEEY,ESTUDIO DE PREINVERSIÓN PARA LA CONSTRUCCIÓN DE LA UNIVERSIDAD DEL MAR EN LA LOCALIDAD Y MUNICIPIO DE PROGRESO,Progreso,Progreso,100000,PLANEACION,21.282778,-89.663611,1,1,13/04/26 14:06,13/04/26 14:06,FALSE,
IDEFEEY,"MANTENIMIENTO DE BAÑOS EN EL COLEGIO DE BACHILLERES PLANTEL PROGRESO DE LA LOCALIDAD Y MUNICIPIO DE PROGRESO, CCT. 31ECB0003H.",Progreso,Progreso,1959683.76,EN_PROCESO,21.282778,-89.663611,1,1,13/04/26 14:06,13/04/26 14:06,FALSE,70
INCCOPY,"ANÁLISIS COSTO BENEFICIO DE LA AMPLIACIÓN Y MODERNIZACIÓN DEL PUERTO DE ALTURA , EN LA LOCALIDAD Y MUNICIPIO DE PROGRESO, YUCATÁN, (ACTUALIZACIÓN)",Progreso,Progreso,1550800,FINALIZADA,21.282778,-89.663611,1,1,13/04/26 14:06,13/04/26 14:06,FALSE,100
INCCOPY,"ELABORACIÓN DEL LEVANTAMIENTO LIDAR CORRESPONDIENTE AL VIADUCTO Y PUERTO DE ALTURA EN LA LOCALIDAD Y MUNICIPIO DE PROGRESO, YUCATÁN",Progreso,Progreso,1425000,FINALIZADA,21.282778,-89.663611,1,1,13/04/26 14:06,13/04/26 14:06,FALSE,100
INCCOPY,"ESTUDIO DE MERCADO DEL COMPORTAMIENTO PORTUARIO EN LA LOCALIDAD Y MUNICIPIO DE PROGRESO, YUCATÁN",Progreso,Progreso,1505000,FINALIZADA,21.282778,-89.663611,1,1,13/04/26 14:06,13/04/26 14:06,FALSE,100
INCCOPY,"AMPLIACION Y MODERNIZACIÓN DEL PUERTO DE ALTURA ""MAYA KAB"" EN PROGRESO, YUCATÁN.",Progreso,Progreso,1500000000,EN_PROCESO,21.282778,-89.663611,1,1,13/04/26 14:06,13/04/26 14:06,FALSE,70
INCCOPY,"SUPERVISIÓN ESPECIALIZADA PARA LA OBRA DE AMPLIACIÓN Y MODERNIZACIÓN DEL PUERTO DE ALTURA ""MAYA KAB"" EN PROGRESO, YUCATÁN.",Progreso,Progreso,52119825.85,EN_PROCESO,21.282778,-89.663611,1,1,13/04/26 14:06,13/04/26 14:06,FALSE,70
INCCOPY,"REHABILITACIÓN DEL EDIFICIO QUE ALBERGA LAS OFICINAS ADMINISTRATIVAS DE LA PISTA INTERNACIONAL DE REMO Y CANOTAJE (EDIFICIO PRINCIPAL, SERVICIOS SANITARIOS Y OBRAS COMPLEMENTARIAS) EN EL MUNICIPIO DE PROGRESO, YUCATÁN.",Progreso,Progreso,1984906.69,FINALIZADA,21.282778,-89.663611,1,1,13/04/26 14:06,13/04/26 14:06,FALSE,100
INCCOPY,"REHABILITACIÓN DE LA INFRAESTRUCTURA EN LA PISTA INTERNACIONAL DE REMO Y CANOTAJE (CANALES DE COMPETENCIA, PONTONES, MUELLES, TORRES DE VIGILANCIA Y OBRAS COMPLEMENTARIAS) EN EL MUNICIPIO DE PROGRESO, YUCATÁN.",Progreso,Progreso,4103608.24,FINALIZADA,21.282778,-89.663611,1,1,13/04/26 14:06,13/04/26 14:06,FALSE,100
SSY,"ACCIONES DE MANTENIMIENTO PREVENTIVO Y CORRECTIVO EN INFRAESTRUCTURA, INSTALACIONES Y EQUIPAMIENTO, ASÍ COMO DOTACIÓN DE EQUIPO MÉDICO EN CESSA PROGRESO, CENTRO DE SALUD DE CHICXULUB PUERTO Y CENTRO DE SALUD DE CHELEM",Progreso,Progreso,771462.63,FINALIZADA,21.282778,-89.663611,1,1,13/04/26 14:06,13/04/26 14:06,FALSE,100
SEDER,PROGRAMA CAMINOS RENACIMIENTO,Quintana Roo,Quintana Roo,480000,FINALIZADA,20.84235903,-88.62768202,1,1,13/04/26 14:06,13/04/26 14:06,FALSE,100
IDEFEEY,"CONSTRUCCIÓN DE UN DOMO EN LA ESCUELA SECUNDARIA MARGARITA MAZA DE JUÁREZ DE LA LOCALIDAD DE LAS COLORADAS, MUNICIPIO DE RÍO LAGARTOS, CCT. 31ETV0033F.",Río Lagartos,Río Lagartos,3013898.72,FINALIZADA,21.55287112,-87.98240793,1,1,13/04/26 14:06,13/04/26 14:06,FALSE,100
IDEFEEY,"MANTENIMIENTO DE CANCHA EN LA ESCUELA SECUNDARIA MARGARITA MAZA DE JUÁREZ DE LA LOCALIDAD LAS COLORADAS, MUNICIPIO DE RÍO LAGARTOS, CCT. 31ETV0033F",Río Lagartos,Río Lagartos,1118207.98,FINALIZADA,21.55287112,-87.98240793,1,1,13/04/26 14:06,13/04/26 14:06,FALSE,100
IDEFEEY,"EQUIPAMIENTO DE TECNOLOGÍAS DE LA INFORMACIÓN Y LAS COMUNICACIONES  EN EL COLEGIO DE BACHILLERES PLANTEL RÍO LAGARTOS DE LA LOCALIDAD Y MUNICIPIO DE RÍO LAGARTOS, CCT. 31ECB0049C.",Río Lagartos,Río Lagartos,46316.36,EN_PROCESO,21.55287112,-87.98240793,1,1,13/04/26 14:06,13/04/26 14:06,FALSE,70
SEDER,PROGRAMA CAMINOS RENACIMIENTO,Río Lagartos,Río Lagartos,1280000,FINALIZADA,21.55287112,-87.98240793,1,1,13/04/26 14:06,13/04/26 14:06,FALSE,100
IVEY,"CONSTRUCCIÓN DE 31 ACCIONES  DE VIVIENDA EN EL MUNICIPIO DE RÍO LAGARTOS, EN EL ESTADO DE YUCATÁN.",Río Lagartos,Río Lagartos,4969415.55,EN_PROCESO,21.55287112,-87.98240793,1,1,13/04/26 14:06,13/04/26 14:06,FALSE,70
JUNTA DE AGUA POTABLE Y ALCANTARILLADO DE YUCATÁN,"CONSTRUCCIÓN DE 11 SANITARIOS RURALES DE 2.40 X 1.55 X 2.72 MTS. INCLUYE FOSA DE ABSORCIÓN DE 1.10 X 1.00 MTS DE MAMPOSTERÍA, TANQUE SÉPTICO BIODIGESTOR AUTOLIMPIABLE DE 600 LTS. Y TINACO DE 450 LTS. PARA ALMACENAMIENTO DE AGUA POTABLE. ASÍ COMO MUEBLES DE BAÑO, REGISTRO, ALIMENTACIÓN HIDRÁULICA Y SANITARIA, EN LA LOCALIDAD DE PLAN CHAC DEL MUNICIPIO DE SACALUM DEL ESTADO DE YUCATÁN. ETAPA ÚNICA.",Sacalum,Sacalum,1116895.33,FINALIZADA,20.52033611,-89.61829261,1,1,13/04/26 14:06,13/04/26 14:06,FALSE,100
IDEFEEY,"EQUIPAMIENTO DE TECNOLOGÍAS DE LA INFORMACIÓN Y LAS COMUNICACIONES  EN EL COLEGIO DE BACHILLERES PLANTEL SACALUM DE LA LOCALIDAD Y MUNICIPIO DE SACALUM, CCT. 31ECB0036Z.",Sacalum,Sacalum,46316.36,EN_PROCESO,20.52033611,-89.61829261,1,1,13/04/26 14:06,13/04/26 14:06,FALSE,70
IDEFEEY,"EQUIPAMIENTO DE TIC PARA PLANTELES DEL SUBSISTEMA DE BACHILLERES
 DE LA LOCALIDAD  Y MUNICIPIO DE SACALUM
 CCT. 31ECB0036Z",Sacalum,Sacalum,29002.06,EN_PROCESO,20.52033611,-89.61829261,1,1,13/04/26 14:06,13/04/26 14:06,FALSE,70
SEDER,PROGRAMA CAMINOS RENACIMIENTO,Sacalum,Sacalum,480000,FINALIZADA,20.52033611,-89.61829261,1,1,13/04/26 14:06,13/04/26 14:06,FALSE,100
JUNTA DE AGUA POTABLE Y ALCANTARILLADO DE YUCATÁN,"CONSTRUCCIÓN DE 19 SANITARIOS RURALES DE 2.40 X 1.55 X 2.72 MTS. INCLUYE FOSA DE ABSORCIÓN DE 1.10 X 1.00 MTS DE MAMPOSTERÍA, TANQUE SÉPTICO BIODIGESTOR AUTOLIMPIABLE DE 600 LTS. Y TINACO DE 450 LTS. PARA ALMACENAMIENTO DE AGUA POTABLE. ASÍ COMO MUEBLES DE BAÑO, REGISTRO, ALIMENTACIÓN HIDRÁULICA Y SANITARIA, EN LA LOCALIDAD DE SAN ANTONIO SODZIL DEL MUNICIPIO DE SACALUM DEL ESTADO DE YUCATÁN. ETAPA ÚNICA.",Sacalum,Sacalum,1967074.78,FINALIZADA,20.52033611,-89.61829261,1,1,13/04/26 14:06,13/04/26 14:06,FALSE,100
JUNTA DE AGUA POTABLE Y ALCANTARILLADO DE YUCATÁN,"CONSTRUCCIÓN DE 5 SANITARIOS RURALES DE 2.40 X 1.55 X 2.72 MTS. INCLUYE FOSA DE ABSORCIÓN DE 1.10 X 1.00 MTS DE MAMPOSTERÍA, TANQUE SÉPTICO BIODIGESTOR AUTOLIMPIABLE DE 600 LTS. Y TINACO DE 450 LTS. PARA ALMACENAMIENTO DE AGUA POTABLE. ASÍ COMO MUEBLES DE BAÑO, REGISTRO, ALIMENTACIÓN HIDRÁULICA Y SANITARIA, EN LA LOCALIDAD DE YUNKÚ DEL MUNICIPIO DE SACALUM DEL ESTADO DE YUCATÁN. ETAPA ÚNICA.",Sacalum,Sacalum,507679.68,FINALIZADA,20.52033611,-89.61829261,1,1,13/04/26 14:06,13/04/26 14:06,FALSE,100
IDEFEEY,"CONSTRUCCIÓN DE UN AULA DIDÁCTICA EN LA ESCUELA PREESCOLAR ERMILO ABREU GÓMEZ DE LA LOCALIDAD Y MUNICIPIO DE SAMAHIL, CCT. 31DJN0169E.",Samahil,Samahil,776100.88,FINALIZADA,20.84707196,-89.90586677,1,1,13/04/26 14:06,13/04/26 14:06,FALSE,100
SSY,ACCIONES DE MANTENIMIENTO DE INFRAESTRUCTURA EN EL CENTRO DE SALUD DE SAMAHIL,Samahil,Samahil,1948.8,FINALIZADA,20.84707196,-89.90586677,1,1,13/04/26 14:06,13/04/26 14:06,FALSE,100
IDEFEEY,"AMPLIACIÓN DE DOMO EXISTENTE EN LA ESCUELA PREESCOLAR HÉROE DE NACOZARI DE LA LOCALIDAD Y MUNICIPIO DE SAN FELIPE, CCT. 31DJN0028F.",San Felipe,San Felipe,989979.32,FINALIZADA,21.54393093,-88.3085187,1,1,13/04/26 14:06,13/04/26 14:06,FALSE,100
IDEFEEY,"CONSTRUCCIÓN DE UN DOMO EN LA ESCUELA SECUNDARIA TÉCNICA NUM. 62 DE LA LOCALIDAD Y MUNICIPIO DE SAN FELIPE, CCT. 31DST2007I.",San Felipe,San Felipe,2900079.33,FINALIZADA,21.54393093,-88.3085187,1,1,13/04/26 14:06,13/04/26 14:06,FALSE,100
IDEFEEY,MANTENIMIENTO EN LA ESCUELA PREESCOLAR HÉROE DE NACOZARI DE LA LOCALIDAD Y MUNICIPIO DE SAN FELIPE CCT. 31DJN0028F.,San Felipe,San Felipe,432257.27,FINALIZADA,21.54393093,-88.3085187,1,1,13/04/26 14:06,13/04/26 14:06,FALSE,100
IDEFEEY,"CONSTRUCCIÓN DE UN COMEDOR EN LA ESCUELA PRIMARIA JOSÉ MARÍA MORELOS Y PAVÓN, DE LA LOCALIDAD Y MUNICIPIO DE SAN FELIPE, CCT. 31EPR0136C",San Felipe,San Felipe,1510423.16,EN_PROCESO,21.54393093,-88.3085187,1,1,13/04/26 14:06,13/04/26 14:06,FALSE,70
INCCOPY,"CONSTRUCCIÓN DE BAÑOS ECOLÓGICOS EN LA ZONA RECREATIVA “PUNTA NICHILI” EN LA LOCALIDAD Y MUNICIPIO DE SAN FELIPE, YUCATÁN.",San Felipe,San Felipe,4619866.76,FINALIZADA,21.54393093,-88.3085187,1,1,13/04/26 14:06,13/04/26 14:06,FALSE,100
IVEY,"CONSTRUCCIÓN DE 30 ACCIONES  DE VIVIENDA EN EL MUNICIPIO DE SAN FELIPE, EN EL ESTADO DE YUCATÁN.",San Felipe,San Felipe,5312537.43,EN_PROCESO,21.54393093,-88.3085187,1,1,13/04/26 14:06,13/04/26 14:06,FALSE,70
SEDER,PROGRAMA CAMINOS RENACIMIENTO,San Felipe,San Felipe,1520000,FINALIZADA,21.54393093,-88.3085187,1,1,13/04/26 14:06,13/04/26 14:06,FALSE,100
SSY,TRABAJOS DE MANTENIMIENTO CORRECTIVO MENOR EN INFRAESTRUCTURA E INSTALACIONES EN EL CENTRO DE SALUD DE SAN FELIPE,San Felipe,San Felipe,12296.82,FINALIZADA,21.54393093,-88.3085187,1,1,13/04/26 14:06,13/04/26 14:06,FALSE,100
SEDER,PROGRAMA CAMINOS RENACIMIENTO,Sanahcat,Sanahcat,640000,FINALIZADA,20.76235114,-89.21266282,1,1,13/04/26 14:06,13/04/26 14:06,FALSE,100
IDEFEEY,"EQUIPAMIENTO DE TECNOLOGÍAS DE LA INFORMACIÓN Y LAS COMUNICACIONES  EN EL COLEGIO DE BACHILLERES PLANTEL SANTA ELENA DE LA LOCALIDAD Y MUNICIPIO DE SANTA ELENA, CCT. 31ECB0046F.",Santa Elena,Santa Elena,46316.36,EN_PROCESO,20.28235994,-89.6778063,1,1,13/04/26 14:06,13/04/26 14:06,FALSE,70
SEDER,PROGRAMA CAMINOS RENACIMIENTO,Santa Elena,Santa Elena,640000,FINALIZADA,20.28235994,-89.6778063,1,1,13/04/26 14:06,13/04/26 14:06,FALSE,100
IDEFEEY,"EQUIPAMIENTO DE TECNOLOGÍAS DE LA INFORMACIÓN Y LAS COMUNICACIONES  EN EL COLEGIO DE BACHILLERES PLANTEL SEYÉ DE LA LOCALIDAD Y MUNICIPIO DE SEYÉ, CCT. 31ECB0038X.",Seyé,Seyé,46316.36,EN_PROCESO,20.84440823,-89.37729844,1,1,13/04/26 14:06,13/04/26 14:06,FALSE,70
SEDER,PROGRAMA CAMINOS RENACIMIENTO,Seyé,Seyé,320000,FINALIZADA,20.84440823,-89.37729844,1,1,13/04/26 14:06,13/04/26 14:06,FALSE,100
IDEFEEY,"EQUIPAMIENTO DE TECNOLOGÍAS DE LA INFORMACIÓN Y LAS COMUNICACIONES  EN EL COLEGIO DE BACHILLERES PLANTEL SINANCHÉ DE LA LOCALIDAD Y MUNICIPIO DE SINANCHÉ, CCT. 31ECB0039W.",Sinanché,Sinanché,46316.36,EN_PROCESO,21.27274,-89.1979035,1,1,13/04/26 14:06,13/04/26 14:06,FALSE,70
SEDER,PROGRAMA CAMINOS RENACIMIENTO,Sinanché,Sinanché,480000,FINALIZADA,21.27274,-89.1979035,1,1,13/04/26 14:06,13/04/26 14:06,FALSE,100
IDEFEEY,"EQUIPAMIENTO DE TECNOLOGÍAS DE LA INFORMACIÓN Y LAS COMUNICACIONES  EN EL COLEGIO DE BACHILLERES PLANTEL SOTUTA DE LA LOCALIDAD Y MUNICIPIO DE SOTUTA, CCT. 31ECB0058K.",Sotuta,Sotuta,46316.36,EN_PROCESO,20.61528603,-88.99926663,1,1,13/04/26 14:06,13/04/26 14:06,FALSE,70
SEDER,PROGRAMA CAMINOS RENACIMIENTO,Sotuta,Sotuta,640000,FINALIZADA,20.61528603,-88.99926663,1,1,13/04/26 14:06,13/04/26 14:06,FALSE,100
IVEY,"CONSTRUCCIÓN DE 31 ACCIONES  DE VIVIENDA EN LOS MUNICIPIOS DE SOTUTA (30) Y YAXCABÁ (1), EN EL ESTADO DE YUCATÁN.",Sotuta,Sotuta,3809082.79,FINALIZADA,20.61528603,-88.99926663,1,1,13/04/26 14:06,13/04/26 14:06,FALSE,100
IVEY,"CONSTRUCCIÓN DE 52 ACCIONES  DE VIVIENDA EN LOS MUNICIPIOS DE PANABÁ (42) Y SUCILÁ (10), EN EL ESTADO DE YUCATÁN.",Sucilá,Sucilá,2537711.62,FINALIZADA,21.19896216,-88.34669551,1,1,13/04/26 14:06,13/04/26 14:06,FALSE,100
IDEFEEY,"EQUIPAMIENTO DE TECNOLOGÍAS DE LA INFORMACIÓN Y LAS COMUNICACIONES  EN EL COLEGIO DE BACHILLERES PLANTEL SUCILÁ DE LA LOCALIDAD Y MUNICIPIO DE SUCILÁ, CCT. 31ECB0059J.",Sucilá,Sucilá,46316.36,EN_PROCESO,21.19896216,-88.34669551,1,1,13/04/26 14:06,13/04/26 14:06,FALSE,70
JUNTA DE AGUA POTABLE Y ALCANTARILLADO DE YUCATÁN,REHABILITACIÓN DE SISTEMAS DE CAPTACIÓN DE AGUA POTABLE DE LA LOCALIDAD DE SUCILÁ DEL MUNICIPIO DE SUCILÁ DEL ESTADO DE YUCATÁN.,Sucilá,Sucilá,2408872.89,FINALIZADA,21.19896216,-88.34669551,1,1,13/04/26 14:06,13/04/26 14:06,FALSE,100
SEDER,PROGRAMA CAMINOS RENACIMIENTO,Sucilá,Sucilá,640000,FINALIZADA,21.19896216,-88.34669551,1,1,13/04/26 14:06,13/04/26 14:06,FALSE,100
IDEFEEY,"CONSTRUCCIÓN DE UNA BARDA EN EL TELEBACHILLERATO DE LA LOCALIDAD Y MUNICIPIO DE SUDZAL, CCT. 31ETK0094N.",Sudzal,Sudzal,2279723.79,EN_PROCESO,20.80539833,-88.88504983,1,1,13/04/26 14:06,13/04/26 14:06,FALSE,70
INCCOPY,"IMPERMEABILIZACIÓN Y OBRAS COMPLEMENTARIAS, EN EL CENTRO DE SALUD DEL MUNICIPIO DE SUDZAL, YUCATÁN.",Sudzal,Sudzal,299999.53,FINALIZADA,20.80539833,-88.88504983,1,1,13/04/26 14:06,13/04/26 14:06,FALSE,100
SEDER,PROGRAMA CAMINOS RENACIMIENTO,Sudzal,Sudzal,620000,FINALIZADA,20.80539833,-88.88504983,1,1,13/04/26 14:06,13/04/26 14:06,FALSE,100
JUNTA DE AGUA POTABLE Y ALCANTARILLADO DE YUCATÁN,REHABILITACIÓN DEL SISTEMA DE CAPTACIÓN DE AGUA POTABLE DE LA LOCALIDAD DE TAHDZIÚ DEL MUNICIPIO DE TAHDZIÚ DEL ESTADO DE YUCATÁN.,Tahdziú,Tahdziú,1144633.8,FINALIZADA,20.24097869,-88.88947748,1,1,13/04/26 14:06,13/04/26 14:06,FALSE,100
SEDER,PROGRAMA CAMINOS RENACIMIENTO,Tahdziú,Tahdziú,400000,FINALIZADA,20.24097869,-88.88947748,1,1,13/04/26 14:06,13/04/26 14:06,FALSE,100
IDEFEEY,"CONSTRUCCIÓN DE UN COMEDOR EN LA ESCUELA PRIMARIA MARGARITA MAZA DE JUÁREZ, DE LA LOCALIDAD Y MUNICIPIO DE TAHMEK, CCT. 31DPR0153U",Tahmek,Tahmek,1449993.16,EN_PROCESO,20.89315223,-89.27626936,1,1,13/04/26 14:06,13/04/26 14:06,FALSE,70
SEDER,PROGRAMA CAMINOS RENACIMIENTO,Tahmek,Tahmek,640000,FINALIZADA,20.89315223,-89.27626936,1,1,13/04/26 14:06,13/04/26 14:06,FALSE,100
IVEY,"CONSTRUCCIÓN DE 31 ACCIONES  DE VIVIENDA EN LOS MUNICIPIO DE TEKANTÓ (30) Y TAHMEK (1), EN EL ESTADO DE YUCATÁN.",Tahmek,Tahmek,138997.76,FINALIZADA,20.89315223,-89.27626936,1,1,13/04/26 14:06,13/04/26 14:06,FALSE,100
SEDER,PROGRAMA CAMINOS RENACIMIENTO,Teabo,Teabo,640000,FINALIZADA,20.37329548,-89.21748987,1,1,13/04/26 14:06,13/04/26 14:06,FALSE,100
IVEY,"CONSTRUCCIÓN DE 33 ACCIONES  DE VIVIENDA EN LOS MUNICIPIOS DE CUZAMÁ (30) Y TECOH (3), EN EL ESTADO DE YUCATÁN.",Tecoh,Tecoh,392992.36,FINALIZADA,20.65864908,-89.46683218,1,1,13/04/26 14:06,13/04/26 14:06,FALSE,100
IDEFEEY,"CONSTRUCCIÓN DE UN COMEDOR EN LA ESCUELA PRIMARIA JESÚS REYES HEROLES, DE LA LOCALIDAD Y MUNICIPIO DE TECOH, CCT. 31EPR0082P",Tecoh,Tecoh,1499041.31,EN_PROCESO,20.65864908,-89.46683218,1,1,13/04/26 14:06,13/04/26 14:06,FALSE,70
SEDER,PROGRAMA CAMINOS RENACIMIENTO,Tecoh,Tecoh,800000,FINALIZADA,20.65864908,-89.46683218,1,1,13/04/26 14:06,13/04/26 14:06,FALSE,100
SSY,ACCIONES DE MANTENIMIENTO DE INFRAESTRUCTURA EN EL CENTRO DE SALUD DE XCANCHAKÁN,Tecoh,Tecoh,4547.2,FINALIZADA,20.65864908,-89.46683218,1,1,13/04/26 14:06,13/04/26 14:06,FALSE,100
IVEY,"CONSTRUCCIÓN DE 35 ACCIONES  DE VIVIENDA EN EL MUNICIPIO DE TEKAL DE VENEGAS, EN EL ESTADO DE YUCATÁN.",Tekal de Venegas,Tekal de Venegas,4326418.47,EN_PROCESO,21.02882065,-88.86839977,1,1,13/04/26 14:06,13/04/26 14:06,FALSE,70
SEDER,PROGRAMA CAMINOS RENACIMIENTO,Tekal de Venegas,Tekal de Venegas,640000,FINALIZADA,21.02882065,-88.86839977,1,1,13/04/26 14:06,13/04/26 14:06,FALSE,100
IDEFEEY,CONSTRUCCIÓN DE UN DOMO EN LA ESCUELA SECUNDARIA GUILLERMO PRIETO DE LA LOCALIDAD Y MUNICIPIO DE TEKANTÓ. CCT. 31EES0036X.,Tekantó,Tekantó,5499685.48,FINALIZADA,21.00184502,-89.09382801,1,1,13/04/26 14:06,13/04/26 14:06,FALSE,100
INCCOPY,REHABILITACIÓN DE CUBIERTA Y OBRAS COMPLEMENTARIAS DE LA UNIDAD BÁSICA DE REHABILITACIÓN (UBR) EN EL MUNICIPIO DE TEKANTÓ,Tekantó,Tekantó,1492502.4,EN_PROCESO,21.00184502,-89.09382801,1,1,13/04/26 14:06,13/04/26 14:06,FALSE,70
SEDER,PROGRAMA CAMINOS RENACIMIENTO,Tekantó,Tekantó,640000,FINALIZADA,21.00184502,-89.09382801,1,1,13/04/26 14:06,13/04/26 14:06,FALSE,100
IVEY,"CONSTRUCCIÓN DE 31 ACCIONES  DE VIVIENDA EN LOS MUNICIPIO DE TEKANTÓ (30) Y TAHMEK (1), EN EL ESTADO DE YUCATÁN.",Tekantó,Tekantó,3817941.88,FINALIZADA,21.00184502,-89.09382801,1,1,13/04/26 14:06,13/04/26 14:06,FALSE,100
IVEY,"CONSTRUCCIÓN DE 31 ACCIONES  DE VIVIENDA EN LOS MUNICIPIOS DE AKIL (30) Y TEKAX (1), EN EL ESTADO DE YUCATÁN.",Tekax,Tekax,126831.05,EN_PROCESO,20.16442757,-89.26089255,1,1,13/04/26 14:06,13/04/26 14:06,FALSE,70
IDEFEEY,"EQUIPAMIENTO DE TECNOLOGÍAS DE LA INFORMACIÓN Y LAS COMUNICACIONES  EN EL COLEGIO DE BACHILLERES PLANTEL BECANCHÉN DE LA LOCALIDAD DE BECANCHÉN MUNICIPIO DE TEKAX, CCT. 31EMS0009I.",Tekax,Tekax,46316.36,EN_PROCESO,20.16442757,-89.26089255,1,1,13/04/26 14:06,13/04/26 14:06,FALSE,70
JUNTA DE AGUA POTABLE Y ALCANTARILLADO DE YUCATÁN,"REHABILITACIÓN Y MANTENIMIENTO DE CAPTACIÓN EN LA LOCALIDAD DE BECANCHÉN DEL MUNICIPIO DE TEKAX, YUCATÁN.",Tekax,Tekax,341388.05,FINALIZADA,20.16442757,-89.26089255,1,1,13/04/26 14:06,13/04/26 14:06,FALSE,100
JUNTA DE AGUA POTABLE Y ALCANTARILLADO DE YUCATÁN,"CONSTRUCCIÓN DEL SISTEMA DE ABASTECIMIENTO DE AGUA POTABLE DE LA LOCALIDAD DE CANDELARIA, DEL MUNICIPIO DE TEKAX, YUCATÁN.",Tekax,Tekax,2853513.95,FINALIZADA,20.16442757,-89.26089255,1,1,13/04/26 14:06,13/04/26 14:06,FALSE,100
JUNTA DE AGUA POTABLE Y ALCANTARILLADO DE YUCATÁN,"REHABILITACIÓN Y MANTENIMIENTO CAPTACIÓN EN LA LOCALIDAD DE CHACMULTÚN DEL MUNICIPIO DE TEKAX, YUCATÁN.",Tekax,Tekax,560957.68,FINALIZADA,20.16442757,-89.26089255,1,1,13/04/26 14:06,13/04/26 14:06,FALSE,100
JUNTA DE AGUA POTABLE Y ALCANTARILLADO DE YUCATÁN,"CONSTRUCCIÓN DE SISTEMA DE ABASTECIMIENTO DE LA LOCALIDAD DE CHAN DZINUP, DEL MUNICIPIO DE TEKAX, YUCATÁN.",Tekax,Tekax,2724121.29,FINALIZADA,20.16442757,-89.26089255,1,1,13/04/26 14:06,13/04/26 14:06,FALSE,100
JUNTA DE AGUA POTABLE Y ALCANTARILLADO DE YUCATÁN,"CONSTRUCCIÓN DEL SISTEMA DE ABASTECIMIENTO DE AGUA POTABLE DE LA LOCALIDAD DE HOUITZ DEL MUNICIPIO DE TEKAX, YUCATÁN.",Tekax,Tekax,741336.29,FINALIZADA,20.16442757,-89.26089255,1,1,13/04/26 14:06,13/04/26 14:06,FALSE,100
JUNTA DE AGUA POTABLE Y ALCANTARILLADO DE YUCATÁN,"AMPLIACIÓN DE RED DE AGUA POTABLE EN LA LOCALIDAD DE KINIL, DEL MUNICIPIO DE TEKAX, YUCATÁN",Tekax,Tekax,747716.75,FINALIZADA,20.16442757,-89.26089255,1,1,13/04/26 14:06,13/04/26 14:06,FALSE,100
JUNTA DE AGUA POTABLE Y ALCANTARILLADO DE YUCATÁN,"AMPLIACIÓN DE REDES DE AGUA POTABLE EN LA LOCALIDAD DE POCOBOCH, DEL MUNICIPIO DE TEKAX, YUCATÁN.",Tekax,Tekax,368594.06,FINALIZADA,20.16442757,-89.26089255,1,1,13/04/26 14:06,13/04/26 14:06,FALSE,100
JUNTA DE AGUA POTABLE Y ALCANTARILLADO DE YUCATÁN,"CONSTRUCCIÓN DE 5 SANITARIOS RURALES DE 2.40 X 1.55 X 2.72 MTS. INCLUYE FOSA DE ABSORCIÓN DE 1.10 X 1.00 MTS DE MAMPOSTERÍA, TANQUE SÉPTICO BIODIGESTOR AUTOLIMPIABLE DE 600 LTS. Y TINACO DE 450 LTS. PARA ALMACENAMIENTO DE AGUA POTABLE. ASÍ COMO MUEBLES DE BAÑO, REGISTRO, ALIMENTACIÓN HIDRÁULICA Y SANITARIA, EN LA LOCALIDAD DE SAN ANTONIO TUK DEL MUNICIPIO DE TEKAX DEL ESTADO DE YUCATÁN. ETAPA ÚNICA",Tekax,Tekax,534777.01,FINALIZADA,20.16442757,-89.26089255,1,1,13/04/26 14:06,13/04/26 14:06,FALSE,100
JUNTA DE AGUA POTABLE Y ALCANTARILLADO DE YUCATÁN,"CONSTRUCCIÓN DE SISTEMA DE ABASTECIMIENTO DE AGUA POTABLE EN LA LOCALIDAD DE SAN ANTONIO TUK, DEL MUNICIPIO DE TEKAX, YUCATÁN.",Tekax,Tekax,1234315.11,FINALIZADA,20.16442757,-89.26089255,1,1,13/04/26 14:06,13/04/26 14:06,FALSE,100
JUNTA DE AGUA POTABLE Y ALCANTARILLADO DE YUCATÁN,"AMPLIACIÓN DE RED DE AGUA POTABLE EN LA LOCALIDAD DE SAN JUAN TEKAX DEL MUNICIPIO DE TEKAX, YUCATÁN.",Tekax,Tekax,864808.14,FINALIZADA,20.16442757,-89.26089255,1,1,13/04/26 14:06,13/04/26 14:06,FALSE,100
JUNTA DE AGUA POTABLE Y ALCANTARILLADO DE YUCATÁN,"CONSTRUCCIÓN DEL SISTEMA DE ABASTECIMIENTO DE LA LOCALIDAD DE SAN SALVADOR, DEL MUNICIPIO DE TEKAX, YUCATÁN",Tekax,Tekax,2976956.08,FINALIZADA,20.16442757,-89.26089255,1,1,13/04/26 14:06,13/04/26 14:06,FALSE,100
INCCOPY,CONSTRUCCIÓN DE PARADERO DE AUTOBÚS PARA LA UNIVERSIDAD TECNOLÓGICA DEL SUR EN EL MUNICIPIO DE TEKAX YUCATÁN,Tekax,Tekax,995999.2,FINALIZADA,20.16442757,-89.26089255,1,1,13/04/26 14:06,13/04/26 14:06,FALSE,100
SEDER,PROGRAMA CAMINOS RENACIMIENTO,Tekax,Tekax,2030000,FINALIZADA,20.16442757,-89.26089255,1,1,13/04/26 14:06,13/04/26 14:06,FALSE,100
SSY,SERVICIO DE MANTENIMIENTO CORRECTIVO A EQUIPAMIENTO MÉDICO EN EL CENTRO DE SALUD DE TEKAX,Tekax,Tekax,10901.25,FINALIZADA,20.16442757,-89.26089255,1,1,13/04/26 14:06,13/04/26 14:06,FALSE,100
IDEFEEY,"CONSTRUCCIÓN DE UN AULA DIDÁCTICA EN LA ESCUELA PREESCOLAR VICENTE GUERRERO DE LA LOCALIDAD DE XAYA, MUNICIPIO DE TEKAX, CCT. 31DCC0105E.",Tekax,Tekax,1017123.43,FINALIZADA,20.16442757,-89.26089255,1,1,13/04/26 14:06,13/04/26 14:06,FALSE,100
INCCOPY,"REHABILITACIÓN DE LA CASA DE LA CULTURA EN EL MUNICIPIO DE TEKIT, YUCATÁN",Tekit,Tekit,3993743.68,EN_PROCESO,20.55827228,-89.28973301,1,1,13/04/26 14:06,13/04/26 14:06,FALSE,70
IVEY,"CONSTRUCCIÓN DE 30 ACCIONES  DE VIVIENDA EN EL MUNICIPIO DE TEKIT, EN EL ESTADO DE YUCATÁN.",Tekit,Tekit,3979880.37,FINALIZADA,20.55827228,-89.28973301,1,1,13/04/26 14:06,13/04/26 14:06,FALSE,100
INCAY,RESCATE DE CAMPO  DEPORTIVO EN EL MUNICIPIO DE TEKOM,Tekom,Tekom,300000,FINALIZADA,20.53559147,-88.34848572,1,1,13/04/26 14:06,13/04/26 14:06,FALSE,100
INCCOPY,"ILUMINACIÓN Y OBRAS COMPLEMENTARIAS DEL CAMPO DE BEISBOL EN EL MUNICIPIO DE TELCHAC PUEBLO, YUCATÁN",Telchac Pueblo,Telchac Pueblo,1899309.17,EN_PROCESO,21.20967223,-89.25624084,1,1,13/04/26 14:06,13/04/26 14:06,FALSE,70
SEDER,PROGRAMA CAMINOS RENACIMIENTO,Telchac Pueblo,Telchac Pueblo,640000,FINALIZADA,21.20967223,-89.25624084,1,1,13/04/26 14:06,13/04/26 14:06,FALSE,100
IDEFEEY,"INSTALACIÓN DE UN SISTEMA DE CAPTACIÓN DE AGUA DE LLUVIA DISEÑADO PARA ALMACENAR MAS DE 5,000 LITROS EN UN TINACO BASE DE ALTA RESISTENCIA EN LA ESCUELA PRIMARIA RAFAEL CHAZARO PÉREZ, DE LA LOCALIDAD Y MUNICIPIO DE TEMAX. C.C.T. 31DPR0532D",Temax,Temax,186305.88,EN_PROCESO,21.15896004,-88.87110027,1,1,13/04/26 14:06,13/04/26 14:06,FALSE,70
JUNTA DE AGUA POTABLE Y ALCANTARILLADO DE YUCATÁN,REHABILITACIÓN DE SISTEMAS DE CAPTACIÓN DE AGUA POTABLE DE LA LOCALIDAD DE HUNUKÚ DEL MUNICIPIO DE TEMOZÓN DEL ESTADO DE YUCATÁN.,Temozón,Temozón,2249596.12,FINALIZADA,20.90816529,-88.06705559,1,1,13/04/26 14:06,13/04/26 14:06,FALSE,100
JUNTA DE AGUA POTABLE Y ALCANTARILLADO DE YUCATÁN,REHABILITACIÓN DE SISTEMAS DE CAPTACIÓN DE AGUA POTABLE DE LA LOCALIDAD DE NAHBALAM DEL MUNICIPIO DE TEMOZÓN DEL ESTADO DE YUCATÁN.,Temozón,Temozón,2703173.59,FINALIZADA,20.90816529,-88.06705559,1,1,13/04/26 14:06,13/04/26 14:06,FALSE,100
SSY,ACCIONES EN INSTALACIONES ELÉCTRICAS EN EL CENTRO DE SALUD DE NAHBALAM,Temozón,Temozón,109015.64,FINALIZADA,20.90816529,-88.06705559,1,1,13/04/26 14:06,13/04/26 14:06,FALSE,100
IDEFEEY,"CONSTRUCCIÓN DE UN AULA Y TRABAJOS COMPLEMENTARIOS PARA EL CORRECTO FUNCIONAMIENTO DE LA ESCUELA EN LA ESCUELA PRIMARIA GONZALO GUERRERO DE LA LOCALIDAD Y MUNICIPIO DE TEMOZÓN, CCT. 31DPB0048I.",Temozón,Temozón,2200336.29,FINALIZADA,20.90816529,-88.06705559,1,1,13/04/26 14:06,13/04/26 14:06,FALSE,100
IDEFEEY,"EQUIPAMIENTO DE TECNOLOGÍAS DE LA INFORMACIÓN Y LAS COMUNICACIONES  EN EL COLEGIO DE BACHILLERES PLANTEL TEMOZÓN DE LA LOCALIDAD Y MUNICIPIO DE TEMOZÓN, CCT. 31ECB0022W.",Temozón,Temozón,46316.36,EN_PROCESO,20.90816529,-88.06705559,1,1,13/04/26 14:06,13/04/26 14:06,FALSE,70
IDEFEEY,"INSTALACIÓN DE UN SISTEMA DE CAPTACIÓN DE AGUA DE LLUVIA DISEÑADO PARA ALMACENAR MAS DE 5,000 LITROS EN UN TINACO BASE DE ALTA RESISTENCIA EN LA ESCUELA PRIMARIA DE VICENTE GUERRERO, DE LA LOCALIDAD Y MUNICIPIO DE TEMOZÓN. C.C.T. 31DPR1732I",Temozón,Temozón,186305.88,EN_PROCESO,20.90816529,-88.06705559,1,1,13/04/26 14:06,13/04/26 14:06,FALSE,70
JUNTA DE AGUA POTABLE Y ALCANTARILLADO DE YUCATÁN,REHABILITACIÓN DE SISTEMAS DE CAPTACIÓN DE AGUA POTABLE DE LA LOCALIDAD DE TEMOZÓN DEL MUNICIPIO DE TEMOZÓN DEL ESTADO DE YUCATÁN.,Temozón,Temozón,2477317.87,FINALIZADA,20.90816529,-88.06705559,1,1,13/04/26 14:06,13/04/26 14:06,FALSE,100
SEDER,PROGRAMA CAMINOS RENACIMIENTO,Temozón,Temozón,1600000,FINALIZADA,20.90816529,-88.06705559,1,1,13/04/26 14:06,13/04/26 14:06,FALSE,100
JUNTA DE AGUA POTABLE Y ALCANTARILLADO DE YUCATÁN,REHABILITACIÓN DEL SISTEMA DE CAPTACIÓN DE AGUA POTABLE DE LA LOCALIDAD DE X-UCH DEL MUNICIPIO DE TEMOZÓN DEL ESTADO DE YUCATÁN.,Temozón,Temozón,1119541.83,FINALIZADA,20.90816529,-88.06705559,1,1,13/04/26 14:06,13/04/26 14:06,FALSE,100
SEDER,PROGRAMA CAMINOS RENACIMIENTO,Tepakán,Tepakán,640000,FINALIZADA,21.08010181,-89.00339645,1,1,13/04/26 14:06,13/04/26 14:06,FALSE,100
INCCOPY,"CONSTRUCCIÓN DE DOMO Y OBRAS COMPLEMENTARIAS EN EL MUNICIPIO TETÍZ, YUCATÁN.",Tetiz,Tetiz,3946520.7,FINALIZADA,20.95430401,-89.97914151,1,1,13/04/26 14:06,13/04/26 14:06,FALSE,100
SEDER,PROGRAMA CAMINOS RENACIMIENTO,Tetiz,Tetiz,320000,FINALIZADA,20.95430401,-89.97914151,1,1,13/04/26 14:06,13/04/26 14:06,FALSE,100
IVEY,"CONSTRUCCIÓN DE 30 ACCIONES  DE VIVIENDA EN EL MUNICIPIO DE TETIZ, EN EL ESTADO DE YUCATÁN.",Tetiz,Tetiz,3830689.14,FINALIZADA,20.95430401,-89.97914151,1,1,13/04/26 14:06,13/04/26 14:06,FALSE,100
IDEFEEY,"EQUIPAMIENTO DE TECNOLOGÍAS DE LA INFORMACIÓN Y LAS COMUNICACIONES  EN EL COLEGIO DE BACHILLERES PLANTEL TEYA DE LA LOCALIDAD Y MUNICIPIO DE TEYA, CCT. 31ECB0055N.",Teya,Teya,46316.36,EN_PROCESO,21.0553013,-89.06495519,1,1,13/04/26 14:06,13/04/26 14:06,FALSE,70
JUNTA DE AGUA POTABLE Y ALCANTARILLADO DE YUCATÁN,REHABILITACIÓN DE SISTEMAS DE CAPTACIÓN DE AGUA POTABLE DE LA LOCALIDAD DE TEYA DEL MUNICIPIO DE TEYA DEL ESTADO DE YUCATÁN.,Teya,Teya,2339415.82,FINALIZADA,21.0553013,-89.06495519,1,1,13/04/26 14:06,13/04/26 14:06,FALSE,100
SEDER,PROGRAMA CAMINOS RENACIMIENTO,Teya,Teya,640000,FINALIZADA,21.0553013,-89.06495519,1,1,13/04/26 14:06,13/04/26 14:06,FALSE,100
SSY,ACCIONES DE MANTENIMIENTO DE INFRAESTRUCTURA EN EL CENTRO DE SALUD DE TICIMUL,Ticimul,Ticimul,6772.08,FINALIZADA,20.88028,-89.68278,1,1,13/04/26 14:06,13/04/26 14:06,FALSE,100
IDEFEEY,"INSTALACIÓN DE BANCO DE TRANSFORMACIÓN / SUBESTACIÓN EN LA ESCUELA PRIMARIA FELIPE CARRILLO PUERTO DE LA LOCALIDAD DE PUSTUNICH, MUNICIPIO DE TICUL, CCT. 31DPR0882I.",Ticul,Ticul,749928.51,FINALIZADA,20.38586502,-89.53848228,1,1,13/04/26 14:06,13/04/26 14:06,FALSE,100
IDEFEEY,"CONSTRUCCIÓN DE DOS AULAS EN LA ESCUELA PREESCOLAR JOSEFA ORTIZ DE DOMÍNGUEZ DE LA LOCALIDAD DE PUSTUNICH, MUNICIPIO DE TICUL, CCT. 31DIN2080Z.",Ticul,Ticul,2296862.27,FINALIZADA,20.38586502,-89.53848228,1,1,13/04/26 14:06,13/04/26 14:06,FALSE,100
IDEFEEY,CONSTRUCCIÓN DE MODULO PARA SALA DE MAESTROS EN LA ESCUELA NORMAL DE TICUL DE LA LOCALIDAD Y MUNICIPIO DE TICUL CCT. 31MSU9008J,Ticul,Ticul,779800,EN_PROCESO,20.38586502,-89.53848228,1,1,13/04/26 14:06,13/04/26 14:06,FALSE,70
INCAY,CONSTRUCCIÓN Y RECONSTRUCCIÓN DE CALLES EN LA LOCALIDAD Y MUNICIPIO DE TICUL,Ticul,Ticul,3977739.69,FINALIZADA,20.38586502,-89.53848228,1,1,13/04/26 14:06,13/04/26 14:06,FALSE,100
INCCOPY,"PROYECTO EJECUTIVO PARA LA CONSTRUCCIÓN DEL MERCADO MUNICIPAL EN LA LOCALIDAD Y MUNICIPIO DE TICUL, YUCATÁN",Ticul,Ticul,1939972.23,FINALIZADA,20.38586502,-89.53848228,1,1,13/04/26 14:06,13/04/26 14:06,FALSE,100
INCCOPY,CONSTRUCCIÓN DEL MERCADO MUNICIPAL EN LA LOCALIDAD Y MUNICIPIO DE TICUL,Ticul,Ticul,47500000,EN_PROCESO,20.38586502,-89.53848228,1,1,13/04/26 14:06,13/04/26 14:06,FALSE,70
INCCOPY,CONSTRUCCIÓN DE BANQUETAS Y GUARNICIONES EN LA AVENIDA DE ACCESO PRINCIPAL EN LA LOCALIDAD Y MUNICIPIO DE TICUL.,Ticul,Ticul,1498961.85,FINALIZADA,20.38586502,-89.53848228,1,1,13/04/26 14:06,13/04/26 14:06,FALSE,100
JUNTA DE AGUA POTABLE Y ALCANTARILLADO DE YUCATÁN,REHABILITACIÓN DEL SISTEMA DE CAPTACIÓN DE AGUA POTABLE DE LA LOCALIDAD DE TICUL DEL MUNICIPIO DE TICUL DEL ESTADO DE YUCATÁN.,Ticul,Ticul,1083383.9,FINALIZADA,20.38586502,-89.53848228,1,1,13/04/26 14:06,13/04/26 14:06,FALSE,100
SEDER,PROGRAMA CAMINOS RENACIMIENTO,Ticul,Ticul,640000,FINALIZADA,20.38586502,-89.53848228,1,1,13/04/26 14:06,13/04/26 14:06,FALSE,100
SSY,"ACCIONES DE MANTENIMIENTO PREVENTIVO Y CORRECTIVO EN EQUIPAMIENTO DE CONSERVACIÓN EN FRÍO EN EL ALMACÉN JURISDICCIONAL DE VACUNAS, ASÍ COMO ACCIONES DE MANTENIMIENTO DE EN INFRAESTRUCTURA EN CECOSAMA TICUL",Ticul,Ticul,270013.56,FINALIZADA,20.38586502,-89.53848228,1,1,13/04/26 14:06,13/04/26 14:06,FALSE,100
SEDER,PROGRAMA CAMINOS RENACIMIENTO,Timucuy,Timucuy,560000,FINALIZADA,20.80631622,-89.53323597,1,1,13/04/26 14:06,13/04/26 14:06,FALSE,100
IDEFEEY,"CONSTRUCCIÓN DE DOS AULAS DIDÁCTICAS EN LA ESCUELA PREESCOLAR YUM KIN DE LA LOCALIDAD Y MUNICIPIO DE TIMUCUY, CCT. 31DJN0201X.",Timucuy,Timucuy,1726290.17,FINALIZADA,20.80631622,-89.53323597,1,1,13/04/26 14:06,13/04/26 14:06,FALSE,100
SSY,ACCIONES DE MANTENIMIENTO EN INFRAESTRUCTURA HIDRÁULICA EN EL CENTRO DE SALUD DE PISTE,Tinum,Tinum,61376.38,FINALIZADA,20.75526947,-88.45012998,1,1,13/04/26 14:06,13/04/26 14:06,FALSE,100
IDEFEEY,"EQUIPAMIENTO DE TECNOLOGÍAS DE LA INFORMACIÓN Y LAS COMUNICACIONES  EN EL COLEGIO DE BACHILLERES PLANTEL PISTÉ DE LA LOCALIDAD DE PISTÉ MUNICIPIO DE TINUM, CCT. 31EMS0012W.",Tinum,Tinum,69474.55,EN_PROCESO,20.75526947,-88.45012998,1,1,13/04/26 14:06,13/04/26 14:06,FALSE,70
IDEFEEY,"CONSTRUCCIÓN DE UN AULA DIDÁCTICA EN LA ESCUELA PREESCOLAR  CHICHÉN ITZÁ DE LA LOCALIDAD DE PISTÉ DE CHICHÉN ITZÁ, MUNICIPIO DE TINUM, CCT. 31DCC2028D. ",Tinum,Tinum,891028.81,FINALIZADA,20.75526947,-88.45012998,1,1,13/04/26 14:06,13/04/26 14:06,FALSE,100
IDEFEEY,"EQUIPAMIENTO DE TECNOLOGÍAS DE LA INFORMACIÓN Y LAS COMUNICACIONES  EN EL COLEGIO DE BACHILLERES PLANTEL TINUM DE LA LOCALIDAD Y MUNICIPIO DE TINUM, CCT. 31ECB0064V.",Tinum,Tinum,46316.36,EN_PROCESO,20.75526947,-88.45012998,1,1,13/04/26 14:06,13/04/26 14:06,FALSE,70
IDEFEEY,"INSTALACIÓN DE UN SISTEMA DE CAPTACIÓN DE AGUA DE LLUVIA DISEÑADO PARA ALMACENAR MAS DE 5,000 LITROS EN UN TINACO BASE DE ALTA RESISTENCIA EN LA ESCUELA PRIMARIA VENUSTIANO CARRANZA, DE LA LOCALIDAD Y MUNICIPIO DE TINUM. C.C.T. 31DPR0541L",Tinum,Tinum,186305.88,EN_PROCESO,20.75526947,-88.45012998,1,1,13/04/26 14:06,13/04/26 14:06,FALSE,70
IDEFEEY,"CONSTRUCCIÓN DE UN BAÑO M6 EN LA ESCUELA SECUNDARIA JOSÉ EMILIO PACHECO DE LA LOCALIDAD DE TOHOPKÚ, MUNICIPIO DE TINUM, CCT. 31ETV0191V.",Tinum,Tinum,1609260.81,FINALIZADA,20.75526947,-88.45012998,1,1,13/04/26 14:06,13/04/26 14:06,FALSE,100
IDEFEEY,"CONSTRUCCIÓN DE UN AULA DIDÁCTICA EN LA ESCUELA PREESCOLAR ATILANO ALBERTOS DE LA LOCALIDAD DE EKPEDZ, MUNICIPIO DE TIXCACALCUPUL, CCT. 31DCC0176Z.",Tixcacalcupul,Tixcacalcupul,1206332.62,FINALIZADA,20.45116362,-88.30568577,1,1,13/04/26 14:06,13/04/26 14:06,FALSE,100
JUNTA DE AGUA POTABLE Y ALCANTARILLADO DE YUCATÁN,REHABILITACIÓN DEL SISTEMA DE CAPTACIÓN DE AGUA POTABLE DE LA LOCALIDAD DE MAHAS DEL MUNICIPIO DE TIXCACALCUPUL DEL ESTADO DE YUCATÁN.,Tixcacalcupul,Tixcacalcupul,1293502,FINALIZADA,20.45116362,-88.30568577,1,1,13/04/26 14:06,13/04/26 14:06,FALSE,100
IVEY,"CONSTRUCCIÓN DE 25 ACCIONES  DE VIVIENDA EN EL MUNICIPIO DE TIXCACALCUPUL, EN EL ESTADO DE YUCATÁN.",Tixcacalcupul,Tixcacalcupul,3149797.26,FINALIZADA,20.45116362,-88.30568577,1,1,13/04/26 14:06,13/04/26 14:06,FALSE,100
JUNTA DE AGUA POTABLE Y ALCANTARILLADO DE YUCATÁN,REHABILITACIÓN DEL SISTEMA DE CAPTACIÓN DE AGUA POTABLE DE LA LOCALIDAD DE POOP DEL MUNICIPIO DE TIXCACALCUPUL DEL ESTADO DE YUCATÁN.,Tixcacalcupul,Tixcacalcupul,1356931.95,FINALIZADA,20.45116362,-88.30568577,1,1,13/04/26 14:06,13/04/26 14:06,FALSE,100
JUNTA DE AGUA POTABLE Y ALCANTARILLADO DE YUCATÁN,REHABILITACIÓN DEL SISTEMA DE CAPTACIÓN DE AGUA POTABLE DE LA LOCALIDAD DE SAN JOSÉ DEL MUNICIPIO DE TIXCACALCUPUL DEL ESTADO DE YUCATÁN.,Tixcacalcupul,Tixcacalcupul,1233439.47,FINALIZADA,20.45116362,-88.30568577,1,1,13/04/26 14:06,13/04/26 14:06,FALSE,100
IDEFEEY,"EQUIPAMIENTO DE TECNOLOGÍAS DE LA INFORMACIÓN Y LAS COMUNICACIONES  EN EL COLEGIO DE BACHILLERES PLANTEL TIXCACALCUPUL DE LA LOCALIDAD Y MUNICIPIO DE TIXCACALCUPUL, CCT. 31EMS0005M.",Tixcacalcupul,Tixcacalcupul,69474.55,EN_PROCESO,20.45116362,-88.30568577,1,1,13/04/26 14:06,13/04/26 14:06,FALSE,70
IDEFEEY,"CONSTRUCCIÓN DE TRES AULAS Y DIRECCIÓN EN EL COLEGIO DE BACHILLERES PLANTEL TIXCACALCUPUL DE LA LOCALIDAD Y MUNICIPIO DE TIXCACALCUPUL, CCT. 31EMS0005M",Tixcacalcupul,Tixcacalcupul,5431007.56,EN_PROCESO,20.45116362,-88.30568577,1,1,13/04/26 14:06,13/04/26 14:06,FALSE,70
SEDER,PROGRAMA CAMINOS RENACIMIENTO,Tixcacalcupul,Tixcacalcupul,960000,FINALIZADA,20.45116362,-88.30568577,1,1,13/04/26 14:06,13/04/26 14:06,FALSE,100
IDEFEEY,"EQUIPAMIENTO DE TECNOLOGÍAS DE LA INFORMACIÓN Y LAS COMUNICACIONES  EN EL COLEGIO DE BACHILLERES PLANTEL TIXMEHUAC DE LA LOCALIDAD Y MUNICIPIO DE TIXMEHUAC, CCT. 31ECB0060Z.",Tixméhuac,Tixméhuac,46316.36,EN_PROCESO,20.24087519,-89.10955394,1,1,13/04/26 14:06,13/04/26 14:06,FALSE,70
INCCOPY,"REHABILITACIÓN DEL PARQUE DEL MUNICIPIO DE TIXPEHUAL, YUCATÁN.",Tixpéhual,Tixpéhual,997893.04,EN_PROCESO,20.96565453,-89.47368309,1,1,13/04/26 14:06,13/04/26 14:06,FALSE,70
IDEFEEY,"EQUIPAMIENTO DE TECNOLOGÍAS DE LA INFORMACIÓN Y LAS COMUNICACIONES  EN EL COLEGIO DE BACHILLERES PLANTEL TIXPÉHUAL DE LA LOCALIDAD Y MUNICIPIO DE TIXPÉHUAL, CCT. 31ECB0063W.",Tixpéhual,Tixpéhual,46316.36,EN_PROCESO,20.96565453,-89.47368309,1,1,13/04/26 14:06,13/04/26 14:06,FALSE,70
IDEFEEY,"EQUIPAMIENTO DE TECNOLOGÍAS DE LA INFORMACIÓN Y LAS COMUNICACIONES  EN EL COLEGIO DE BACHILLERES PLANTEL COLONIA YUCATÁN DE LA LOCALIDAD DE COL. YUCATÁN MUNICIPIO DE TIZIMÍN, CCT. 31ECB0044H.",Tizimín,Tizimín,46316.36,EN_PROCESO,21.36746569,-87.9777972,1,1,13/04/26 14:06,13/04/26 14:06,FALSE,70
IDEFEEY,"EQUIPAMIENTO DE TECNOLOGÍAS DE LA INFORMACIÓN Y LAS COMUNICACIONES  EN EL COLEGIO DE BACHILLERES PLANTEL DZONOT CARRETERO DE LA LOCALIDAD DE DZONOT CARRETERO MUNICIPIO DE TIZIMÍN, CCT. 31EMS0007K.",Tizimín,Tizimín,46316.36,EN_PROCESO,21.36746569,-87.9777972,1,1,13/04/26 14:06,13/04/26 14:06,FALSE,70
IDEFEEY,"EQUIPAMIENTO DE TECNOLOGÍAS DE LA INFORMACIÓN Y LAS COMUNICACIONES  EN EL COLEGIO DE BACHILLERES PLANTEL POPOLNÁH DE LA LOCALIDAD DE POPOLNÁH MUNICIPIO DE TIZIMÍN, CCT. 31EMS0008J.",Tizimín,Tizimín,69474.55,EN_PROCESO,21.36746569,-87.9777972,1,1,13/04/26 14:06,13/04/26 14:06,FALSE,70
IDEFEEY,"MANTENIMIENTO EN LA PRIMARIA FELIPE CARRILLO PUERTO DE LA LOCALIDAD DE TIXCANCAL MUNICIPIO DE TIZIMÍN, CCT. 31DPR0903E.",Tizimín,Tizimín,245619.39,EN_PROCESO,21.36746569,-87.9777972,1,1,13/04/26 14:06,13/04/26 14:06,FALSE,70
IDEFEEY,"EQUIPAMIENTO DE TECNOLOGÍAS DE LA INFORMACIÓN Y LAS COMUNICACIONES  EN EL COLEGIO DE BACHILLERES PLANTEL TIXCANCAL DE LA LOCALIDAD DE TIXCANCAL MUNICIPIO DE TIZIMÍN, CCT. 31EMS0013V.",Tizimín,Tizimín,69474.55,EN_PROCESO,21.36746569,-87.9777972,1,1,13/04/26 14:06,13/04/26 14:06,FALSE,70
IDEFEEY,"CONSTRUCCIÓN DE UN DOMO EN LA ESCUELA PRIMARIA FELIPE CARRILLO PUERTO DE LA LOCALIDAD DE TIXCANCAL, MUNICIPIO DE TIZIMÍN, CCT. 31DPR0903E.",Tizimín,Tizimín,2999814.36,FINALIZADA,21.36746569,-87.9777972,1,1,13/04/26 14:06,13/04/26 14:06,FALSE,100
IDEFEEY,"CONSTRUCCIÓN DE UN AULA DIDÁCTICA EN LA ESCUELA PREESCOLAR JUAN DE LA BARRERA DE LA LOCALIDAD Y MUNICIPIO DE TIZIMÍN, CCT. 31DJN0177N.",Tizimín,Tizimín,837046.22,FINALIZADA,21.36746569,-87.9777972,1,1,13/04/26 14:06,13/04/26 14:06,FALSE,100
IDEFEEY,"INSTALACIÓN DE 31 PANELES SOLARES 700WP EN EL COLEGIO DE BACHILLERES PLANTEL TIZIMÍN DE LA LOCALIDAD Y MUNICIPIO DE TIZIMÍN, CCT. DN4486218.",Tizimín,Tizimín,1039308.11,PLANEACION,21.36746569,-87.9777972,1,1,13/04/26 14:06,13/04/26 14:06,FALSE,
INCCOPY,"REMODELACION, REACONDICIONAMIENTO Y REHABILITACIÓN DE LAS INSTALACIONES DEL CENTRO DE ATENCIÓN INFANTIL ""CRECIENDO CON AMOR"" EN EL MUNICIPIO DE TIZIMÍN YUCATÁN",Tizimín,Tizimín,6537150.43,EN_PROCESO,21.36746569,-87.9777972,1,1,13/04/26 14:06,13/04/26 14:06,FALSE,70
SEDER,PROGRAMA CAMINOS RENACIMIENTO,Tizimín,Tizimín,3200000,FINALIZADA,21.36746569,-87.9777972,1,1,13/04/26 14:06,13/04/26 14:06,FALSE,100
SSY,"ACCIONES INTEGRALES DE MANTENIMIENTO PREVENTIVO Y CORRECTIVO EN INFRAESTRUCTURA, INSTALACIONES ELECTROMECÁNICAS Y EQUIPAMIENTO MÉDICO, ASÍ COMO DOTACIÓN DE EQUIPO MÉDICO EN EL HOSPITAL GENERAL SAN CARLOS, CENTRO DE SALUD URBANO, CENTRO DE SALUD EL CUYO, CENTRO DE SALUD YAXCHEKÚ, CECOSAMA TIZIMIN",Tizimín,Tizimín,6870097.44,FINALIZADA,21.36746569,-87.9777972,1,1,13/04/26 14:06,13/04/26 14:06,FALSE,100
SEDER,PROGRAMA CAMINOS RENACIMIENTO,Tunkás,Tunkás,800000,FINALIZADA,20.85535094,-88.77624541,1,1,13/04/26 14:06,13/04/26 14:06,FALSE,100
SSY,ACCIONES DE MANTENIMIENTO PREVENTIVO Y CORRECTIVO EN EQUIPAMIENTO MÉDICO EN EL CENTRO DE SALUD DE TUNKÁS,Tunkás,Tunkás,7917.75,FINALIZADA,20.85535094,-88.77624541,1,1,13/04/26 14:06,13/04/26 14:06,FALSE,100
JUNTA DE AGUA POTABLE Y ALCANTARILLADO DE YUCATÁN,REHABILITACIÓN DE SISTEMAS DE CAPTACIÓN  DE AGUA POTABLE DE LA LOCALIDAD DE SANTA MARÍA AZNAR DEL MUNICIPIO DE UAYMA DEL ESTADO DE YUCATÁN.,Uayma,Uayma,871856,FINALIZADA,20.77158071,-88.35789591,1,1,13/04/26 14:06,13/04/26 14:06,FALSE,100
IDEFEEY,"INSTALACIÓN DE UN SISTEMA DE CAPTACIÓN DE AGUA DE LLUVIA DISEÑADO PARA ALMACENAR MAS DE 5,000 LITROS EN UN TINACO BASE DE ALTA RESISTENCIA EN LA ESCUELA PRIMARIA FELIPE ELOY ALCOCER CORONADO, DE LA LOCALIDAD Y MUNICIPIO DE UAYMA. C.C.T. 31DPR2035T",Uayma,Uayma,186305.88,EN_PROCESO,20.77158071,-88.35789591,1,1,13/04/26 14:06,13/04/26 14:06,FALSE,70
IDEFEEY,"CONSTRUCCIÓN DE UN COMEDOR EN LA ESCUELA PRIMARIA MIGUEL HIDALGO Y COSTILLA, DE LA LOCALIDAD Y MUNICIPIO DE UAYMA, CCT. 31DPR0105K",Uayma,Uayma,1448906.89,EN_PROCESO,20.77158071,-88.35789591,1,1,13/04/26 14:06,13/04/26 14:06,FALSE,70
SEDER,PROGRAMA CAMINOS RENACIMIENTO,Uayma,Uayma,640000,FINALIZADA,20.77158071,-88.35789591,1,1,13/04/26 14:06,13/04/26 14:06,FALSE,100
JUNTA DE AGUA POTABLE Y ALCANTARILLADO DE YUCATÁN,REHABILITACIÓN DEL SISTEMA DE CAPTACIÓN DE AGUA POTABLE DE LA LOCALIDAD DE UCÚ DEL MUNICIPIO DE UCÚ DEL ESTADO DE YUCATÁN.,Ucú,Ucú,1086722.17,FINALIZADA,21.03595706,-89.76348161,1,1,13/04/26 14:06,13/04/26 14:06,FALSE,100
JUNTA DE AGUA POTABLE Y ALCANTARILLADO DE YUCATÁN,"CONSTRUCCIÓN DE 37 SANITARIOS RURALES DE 2.40 X 1.55 X 2.72 MTS. INCLUYE FOSA DE ABSORCIÓN DE 1.10 X 1.00 MTS DE MAMPOSTERÍA, TANQUE SÉPTICO BIODIGESTOR AUTOLIMPIABLE DE 600 LTS. Y TINACO DE 450 LTS. PARA ALMACENAMIENTO DE AGUA POTABLE. ASÍ COMO MUEBLES DE BAÑO, REGISTRO, ALIMENTACIÓN HIDRÁULICA Y SANITARIA, EN LA LOCALIDAD DE POXILÁ DEL MUNICIPIO DE UMÁN DEL ESTADO DE YUCATÁN. ETAPA ÚNICA.",Umán,Umán,3735793.65,FINALIZADA,20.85278377,-89.73160596,1,1,13/04/26 14:06,13/04/26 14:06,FALSE,100
IDEFEEY,"CONSTRUCCIÓN DE DOS AULAS DIDÁCTICAS EN LA ESCUELA PRIMARIA TIERRA Y LIBERTAD DE LA LOCALIDAD Y MUNICIPIO DE UMÁN, CCT. 31DPR0005L.",Umán,Umán,1579652.76,FINALIZADA,20.85278377,-89.73160596,1,1,13/04/26 14:06,13/04/26 14:06,FALSE,100
IDEFEEY,"CONSTRUCCIÓN DE TRES AULAS DIDÁCTICAS EN LA ESCUELA SECUNDARIA TÉCNICA NUM. 73 DE LA LOCALIDAD Y MUNICIPIO DE UMÁN, CCT. 31DST2018O.",Umán,Umán,2153272.15,FINALIZADA,20.85278377,-89.73160596,1,1,13/04/26 14:06,13/04/26 14:06,FALSE,100
JUNTA DE AGUA POTABLE Y ALCANTARILLADO DE YUCATÁN,REHABILITACIÓN DE SUBESTACIÓN ELÉCTRICA DEL SISTEMA DE CAPTACIÓN EN EL FRACCIONAMIENTO BICENTENARIO DE LA LOCALIDAD Y MUNICIPIO DE UMÁN.,Umán,Umán,1571444.98,FINALIZADA,20.85278377,-89.73160596,1,1,13/04/26 14:06,13/04/26 14:06,FALSE,100
SEDER,PROGRAMA CAMINOS RENACIMIENTO,Umán,Umán,210000,FINALIZADA,20.85278377,-89.73160596,1,1,13/04/26 14:06,13/04/26 14:06,FALSE,100
SSY,ACCIONES DE LIMPIEZA Y DESAZOLVE EN EL CENTRO DE SALUD DE UMÁN,Umán,Umán,312401.2,FINALIZADA,20.85278377,-89.73160596,1,1,13/04/26 14:06,13/04/26 14:06,FALSE,100
IDEFEEY,"CONSTRUCCIÓN DE UN AULA DIDÁCTICA EN LA ESCUELA SECUNDARIA MANUEL CRESCENCIO REJÓN DE LA LOCALIDAD DE KANXOC, MUNICIPIO DE VALLADOLID, CCT. 31EES0107A.",Valladolid,Valladolid,980822.2,FINALIZADA,20.6948705,-88.13686131,1,1,13/04/26 14:06,13/04/26 14:06,FALSE,100
IDEFEEY,"CONSTRUCCIÓN DE COMEDOR UNIVERSITARIO DE LA UNIVERSIDAD DE ORIENTE DE LA LOCALIDAD Y MUNICIPIO DE VALLADOLID, CCT. 31ESU0200Y.",Valladolid,Valladolid,13115750.6,EN_PROCESO,20.6948705,-88.13686131,1,1,13/04/26 14:06,13/04/26 14:06,FALSE,70
IDEFEEY,"CONSTRUCCIÓN DE UN DOMO EN ESPACIOS DEPORTIVOS DE LA UNIVERSIDAD DE ORIENTE DE LA LOCALIDAD Y MUNICIPIO DE VALLADOLID, CCT. 31ESU0200Y.",Valladolid,Valladolid,22014120.04,EN_PROCESO,20.6948705,-88.13686131,1,1,13/04/26 14:06,13/04/26 14:06,FALSE,70
IDEFEEY,"SUMINISTRO, COLOCACIÓN Y PUESTA EN MARCHA DE EQUIPOS PARA CLIMATIZACIÓN DE ÁREAS ACADÉMICAS DE LA UNIVERSIDAD DE ORIENTE DE LA LOCALIDAD Y MUNICIPIO DE VALLADOLID, CCT. 31ESU0200Y.",Valladolid,Valladolid,4483775.18,EN_PROCESO,20.6948705,-88.13686131,1,1,13/04/26 14:06,13/04/26 14:06,FALSE,70
IDEFEEY,CONSTRUCCIÓN DE ANDADOR TECHADO ENTRE EDIFICIOS DE LA ESCUELA NORMAL JUAN DE DIOS RODRÍGUEZ HEREDIA DE VALLADOLID DE LA LOCALIDAD Y MUNICIPIO DE VALLADOLID CCT. 31MSU9001I,Valladolid,Valladolid,784900,EN_PROCESO,20.6948705,-88.13686131,1,1,13/04/26 14:06,13/04/26 14:06,FALSE,70
IDEFEEY,"INSTALACIÓN DE UN SISTEMA DE CAPTACIÓN DE AGUA DE LLUVIA DISEÑADO PARA ALMACENAR MAS DE 5,000 LITROS EN UN TINACO BASE DE ALTA RESISTENCIA EN LA ESCUELA PRIMARIA FULGENCIO ALCOCER PÉREZ, DE LA LOCALIDAD Y MUNICIPIO DE VALLADOLID. C.C.T. 31EPR0213R",Valladolid,Valladolid,186305.88,EN_PROCESO,20.6948705,-88.13686131,1,1,13/04/26 14:06,13/04/26 14:06,FALSE,70
IDEFEEY,"INSTALACIÓN DE UN SISTEMA DE CAPTACIÓN DE AGUA DE LLUVIA DISEÑADO PARA ALMACENAR MAS DE 5,000 LITROS EN UN TINACO BASE DE ALTA RESISTENCIA EN LA ESCUELA PRIMARIA PROFA. MILDRED AGUILAR BATES ESCALANTE, DE LA LOCALIDAD Y MUNICIPIO DE VALLADOLID. C.C.T. 31EPR0244K",Valladolid,Valladolid,186305.88,EN_PROCESO,20.6948705,-88.13686131,1,1,13/04/26 14:06,13/04/26 14:06,FALSE,70
IDEFEEY,"INSTALACIÓN DE 53 PANELES SOLARES 700WP EN EL COLEGIO DE BACHILLERES PLANTEL VALLADOLID DE LA LOCALIDAD Y MUNICIPIO DE VALLADOLID, CCT. 31ECB0010R.",Valladolid,Valladolid,1661125.81,EN_PROCESO,20.6948705,-88.13686131,1,1,13/04/26 14:06,13/04/26 14:06,FALSE,70
IDEFEEY,"ESTUDIOS DE PREINVERSIÓN PARA LA CONSTRUCCIÓN EN LA UNIVERSIDAD DE ORIENTE DE LA LOCALIDAD Y MUNICIPIO DE VALLADOLID, CCT.31ESU0200Y.",Valladolid,Valladolid,449998.8,FINALIZADA,20.6948705,-88.13686131,1,1,13/04/26 14:06,13/04/26 14:06,FALSE,100
SEDER,PROGRAMA CAMINOS RENACIMIENTO,Valladolid,Valladolid,1600000,FINALIZADA,20.6948705,-88.13686131,1,1,13/04/26 14:06,13/04/26 14:06,FALSE,100
SSY,"ACCIONES INTEGRALES DE MANTENIMIENTO PREVENTIVO Y CORRECTIVO EN INFRAESTRUCTURA, INSTALACIONES Y EQUIPAMIENTO MÉDICO, ASÍ COMO DOTACIÓN DE EQUIPO MÉDICO EN EL HOSPITAL GENERAL DE VALLADOLID, CECOSAMA VALLADOLID, JURISDICCIÓN SANITARIA NO. 2 Y EL ALMACÉN JURISDICCIONAL DE VACUNAS",Valladolid,Valladolid,20846816.17,FINALIZADA,20.6948705,-88.13686131,1,1,13/04/26 14:06,13/04/26 14:06,FALSE,100
INCCOPY,REHABILITACIÓN DE LA CANCHA DE FUTBOL 7 EN EL MUNICIPIO DE XOCCHEL YUCATÁN,Xocchel,Xocchel,2752418.32,EN_PROCESO,20.80421687,-89.14770411,1,1,13/04/26 14:06,13/04/26 14:06,FALSE,70
IVEY,"CONSTRUCCIÓN DE 30 ACCIONES  DE VIVIENDA EN EL MUNICIPIO DE XOCCHEL, EN EL ESTADO DE YUCATÁN.",Xocchel,Xocchel,3957203.93,FINALIZADA,20.80421687,-89.14770411,1,1,13/04/26 14:06,13/04/26 14:06,FALSE,100
SEDER,PROGRAMA CAMINOS RENACIMIENTO,Xocchel,Xocchel,640000,FINALIZADA,20.80421687,-89.14770411,1,1,13/04/26 14:06,13/04/26 14:06,FALSE,100
JUNTA DE AGUA POTABLE Y ALCANTARILLADO DE YUCATÁN,"CONSTRUCCIÓN DE 4 SANITARIOS RURALES DE 2.40 X 1.55 X 2.72 MTS. INCLUYE FOSA DE ABSORCIÓN DE 1.10 X 1.00 MTS DE MAMPOSTERÍA, TANQUE SÉPTICO BIODIGESTOR AUTOLIMPIABLE DE 600 LTS. Y TINACO DE 450 LTS. PARA ALMACENAMIENTO DE AGUA POTABLE. ASÍ COMO MUEBLES DE BAÑO, REGISTRO, ALIMENTACIÓN HIDRÁULICA Y SANITARIA, EN LA LOCALIDAD DE CHIMAY DEL MUNICIPIO DE YAXCABA DEL ESTADO DE YUCATÁN. ETAPA ÚNICA.",Yaxcabá,Yaxcabá,413784.35,FINALIZADA,20.48138615,-88.74242352,1,1,13/04/26 14:06,13/04/26 14:06,FALSE,100
JUNTA DE AGUA POTABLE Y ALCANTARILLADO DE YUCATÁN,"CONSTRUCCIÓN DE 9 SANITARIOS RURALES DE 2.40 X 1.55 X 2.72 MTS. INCLUYE FOSA DE ABSORCIÓN DE 1.10 X 1.00 MTS DE MAMPOSTERÍA, TANQUE SÉPTICO BIODIGESTOR AUTOLIMPIABLE DE 600 LTS. Y TINACO DE 450 LTS. PARA ALMACENAMIENTO DE AGUA POTABLE. ASÍ COMO MUEBLES DE BAÑO, REGISTRO, ALIMENTACIÓN HIDRÁULICA Y SANITARIA, EN LA LOCALIDAD DE CISTEIL DEL MUNICIPIO DE YAXCABA DEL ESTADO DE YUCATÁN. ETAPA ÚNICA.",Yaxcabá,Yaxcabá,928462.19,FINALIZADA,20.48138615,-88.74242352,1,1,13/04/26 14:06,13/04/26 14:06,FALSE,100
JUNTA DE AGUA POTABLE Y ALCANTARILLADO DE YUCATÁN,"CONSTRUCCIÓN DE 7 SANITARIOS RURALES DE 2.40 X 1.55 X 2.72 MTS. INCLUYE FOSA DE ABSORCIÓN DE 1.10 X 1.00 MTS DE MAMPOSTERÍA, TANQUE SÉPTICO BIODIGESTOR AUTOLIMPIABLE DE 600 LTS. Y TINACO DE 450 LTS. PARA ALMACENAMIENTO DE AGUA POTABLE. ASÍ COMO MUEBLES DE BAÑO, REGISTRO, ALIMENTACIÓN HIDRÁULICA Y SANITARIA, EN LA LOCALIDAD DE HUECHEN BALAM DEL MUNICIPIO DE YAXCABA DEL ESTADO DE YUCATÁN. ETAPA ÚNICA.",Yaxcabá,Yaxcabá,710751.57,FINALIZADA,20.48138615,-88.74242352,1,1,13/04/26 14:06,13/04/26 14:06,FALSE,100
JUNTA DE AGUA POTABLE Y ALCANTARILLADO DE YUCATÁN,"CONSTRUCCIÓN DE 35 SANITARIOS RURALES DE 2.40 X 1.55 X 2.72 MTS. INCLUYE FOSA DE ABSORCIÓN DE 1.10 X 1.00 MTS DE MAMPOSTERÍA, TANQUE SÉPTICO BIODIGESTOR AUTOLIMPIABLE DE 600 LTS. Y TINACO DE 450 LTS. PARA ALMACENAMIENTO DE AGUA POTABLE. ASÍ COMO MUEBLES DE BAÑO, REGISTRO, ALIMENTACIÓN HIDRÁULICA Y SANITARIA, EN LA LOCALIDAD DE KANCABDZONOT DEL MUNICIPIO DE YAXCABA DEL ESTADO DE YUCATÁN. ETAPA ÚNICA.",Yaxcabá,Yaxcabá,3621343.91,FINALIZADA,20.48138615,-88.74242352,1,1,13/04/26 14:06,13/04/26 14:06,FALSE,100
JUNTA DE AGUA POTABLE Y ALCANTARILLADO DE YUCATÁN,"CONSTRUCCIÓN DE 70 SANITARIOS RURALES DE 2.40 X 1.55 X 2.72 MTS. INCLUYE FOSA DE ABSORCIÓN DE 1.10 X 1.00 MTS DE MAMPOSTERÍA, TANQUE SÉPTICO BIODIGESTOR AUTOLIMPIABLE DE 600 LTS. Y TINACO DE 450 LTS. PARA ALMACENAMIENTO DE AGUA POTABLE. ASÍ COMO MUEBLES DE BAÑO, REGISTRO, ALIMENTACIÓN HIDRÁULICA Y SANITARIA, EN LA LOCALIDAD DE LIBRE UNIÓN DEL MUNICIPIO DE YAXCABA DEL ESTADO DE YUCATÁN. ETAPA ÚNICA.",Yaxcabá,Yaxcabá,7268437.64,FINALIZADA,20.48138615,-88.74242352,1,1,13/04/26 14:06,13/04/26 14:06,FALSE,100
JUNTA DE AGUA POTABLE Y ALCANTARILLADO DE YUCATÁN,"CONSTRUCCIÓN DE 12 SANITARIOS RURALES DE 2.40 X 1.55 X 2.72 MTS. INCLUYE FOSA DE ABSORCIÓN DE 1.10 X 1.00 MTS DE MAMPOSTERÍA, TANQUE SÉPTICO BIODIGESTOR AUTOLIMPIABLE DE 600 LTS. Y TINACO DE 450 LTS. PARA ALMACENAMIENTO DE AGUA POTABLE. ASÍ COMO MUEBLES DE BAÑO, REGISTRO, ALIMENTACIÓN HIDRÁULICA Y SANITARIA, EN LA LOCALIDAD DE SAN MARCOS DEL MUNICIPIO DE YAXCABA DEL ESTADO DE YUCATÁN. ETAPA ÚNICA.",Yaxcabá,Yaxcabá,1236903.57,FINALIZADA,20.48138615,-88.74242352,1,1,13/04/26 14:06,13/04/26 14:06,FALSE,100
JUNTA DE AGUA POTABLE Y ALCANTARILLADO DE YUCATÁN,"CONSTRUCCIÓN DE 6 SANITARIOS RURALES DE 2.40 X 1.55 X 2.72 MTS. INCLUYE FOSA DE ABSORCIÓN DE 1.10 X 1.00 MTS DE MAMPOSTERÍA, TANQUE SÉPTICO BIODIGESTOR AUTOLIMPIABLE DE 600 LTS. Y TINACO DE 450 LTS. PARA ALMACENAMIENTO DE AGUA POTABLE. ASÍ COMO MUEBLES DE BAÑO, REGISTRO, ALIMENTACIÓN HIDRÁULICA Y SANITARIA, EN LA LOCALIDAD DE SAN PEDRO DEL MUNICIPIO DE YAXCABÁ DEL ESTADO DE YUCATÁN. ETAPA ÚNICA.",Yaxcabá,Yaxcabá,619621.33,FINALIZADA,20.48138615,-88.74242352,1,1,13/04/26 14:06,13/04/26 14:06,FALSE,100
JUNTA DE AGUA POTABLE Y ALCANTARILLADO DE YUCATÁN,"CONSTRUCCIÓN DE 6 SANITARIOS RURALES DE 2.40 X 1.55 X 2.72 MTS. INCLUYE FOSA DE ABSORCIÓN DE 1.10 X 1.00 MTS DE MAMPOSTERÍA, TANQUE SÉPTICO BIODIGESTOR AUTOLIMPIABLE DE 600 LTS. Y TINACO DE 450 LTS. PARA ALMACENAMIENTO DE AGUA POTABLE. ASÍ COMO MUEBLES DE BAÑO, REGISTRO, ALIMENTACIÓN HIDRÁULICA Y SANITARIA, EN LA LOCALIDAD DE SANTA MARÍA DEL MUNICIPIO DE YAXCABA DEL ESTADO DE YUCATÁN. ETAPA ÚNICA.",Yaxcabá,Yaxcabá,620676.53,FINALIZADA,20.48138615,-88.74242352,1,1,13/04/26 14:06,13/04/26 14:06,FALSE,100
IVEY,"CONSTRUCCIÓN DE 31 ACCIONES  DE VIVIENDA EN LOS MUNICIPIOS DE SOTUTA (30) Y YAXCABÁ (1), EN EL ESTADO DE YUCATÁN.",Yaxcabá,Yaxcabá,126547.68,FINALIZADA,20.48138615,-88.74242352,1,1,13/04/26 14:06,13/04/26 14:06,FALSE,100
JUNTA DE AGUA POTABLE Y ALCANTARILLADO DE YUCATÁN,"CONSTRUCCIÓN DE 11 SANITARIOS RURALES DE 2.40 X 1.55 X 2.72 MTS. INCLUYE FOSA DE ABSORCIÓN DE 1.10 X 1.00 MTS DE MAMPOSTERÍA, TANQUE SÉPTICO BIODIGESTOR AUTOLIMPIABLE DE 600 LTS. Y TINACO DE 450 LTS. PARA ALMACENAMIENTO DE AGUA POTABLE. ASÍ COMO MUEBLES DE BAÑO, REGISTRO, ALIMENTACIÓN HIDRÁULICA Y SANITARIA, EN LA LOCALIDAD DE XLAPAK DEL MUNICIPIO DE YAXCABÁ DEL ESTADO DE YUCATÁN. ETAPA ÚNICA.",Yaxcabá,Yaxcabá,1135975.81,FINALIZADA,20.48138615,-88.74242352,1,1,13/04/26 14:06,13/04/26 14:06,FALSE,100
IDEFEEY,"CONSTRUCCIÓN DE UN AULA DIDÁCTICA EN LA ESCUELA PRIMARIA HERMENEGILDO GALEANA DE LA LOCALIDAD Y MUNICIPIO DE YAXCABÁ, CCT. 31DPR0838V.",Yaxcabá,Yaxcabá,1057521.85,FINALIZADA,20.48138615,-88.74242352,1,1,13/04/26 14:06,13/04/26 14:06,FALSE,100
IDEFEEY,"EQUIPAMIENTO DE TECNOLOGÍAS DE LA INFORMACIÓN Y LAS COMUNICACIONES  EN EL COLEGIO DE BACHILLERES PLANTEL YAXCABÁ DE LA LOCALIDAD Y MUNICIPIO DE YAXCABÁ, CCT. 31ECB0017K.",Yaxcabá,Yaxcabá,46316.36,EN_PROCESO,20.48138615,-88.74242352,1,1,13/04/26 14:06,13/04/26 14:06,FALSE,70
SSY,ACCIONES DE MANTENIMIENTO Y ADECUACIÓN DE INFRAESTRUCTURA SANITARIA EN EL CENTRO DE SALUD DE YAXCABÁ,Yaxcabá,Yaxcabá,194922.82,FINALIZADA,20.48138615,-88.74242352,1,1,13/04/26 14:06,13/04/26 14:06,FALSE,100
IDEFEEY,"CONSTRUCCIÓN DE UN AULA DIDÁCTICA EN LA ESCUELA PRIMARIA BENITO JUÁREZ GARCÍA DE LA LOCALIDAD DE YAXUNAH, MUNICIPIO DE YAXCABÁ, CCT. 31DPR0865S.",Yaxcabá,Yaxcabá,868453.06,FINALIZADA,20.48138615,-88.74242352,1,1,13/04/26 14:06,13/04/26 14:06,FALSE,100
IDEFEEY,"INSTALACIÓN DE UN SISTEMA DE CAPTACIÓN DE AGUA DE LLUVIA DISEÑADO PARA ALMACENAR MAS DE 5,000 LITROS EN UN TINACO BASE DE ALTA RESISTENCIA EN LA ESCUELA PRIMARIA BENITO JUÁREZ GARCÍA, DE LA LOCALIDAD DE YAXUNAH, MUNICIPIO DE YAXCABÁ. C.C.T. 31DPR0865S",Yaxcabá,Yaxcabá,186305.88,EN_PROCESO,20.48138615,-88.74242352,1,1,13/04/26 14:06,13/04/26 14:06,FALSE,70
JUNTA DE AGUA POTABLE Y ALCANTARILLADO DE YUCATÁN,"CONSTRUCCIÓN DE 35 SANITARIOS RURALES DE 2.40 X 1.55 X 2.72 MTS. INCLUYE FOSA DE ABSORCIÓN DE 1.10 X 1.00 MTS DE MAMPOSTERÍA, TANQUE SÉPTICO BIODIGESTOR AUTOLIMPIABLE DE 600 LTS. Y TINACO DE 450 LTS. PARA ALMACENAMIENTO DE AGUA POTABLE. ASÍ COMO MUEBLES DE BAÑO, REGISTRO, ALIMENTACIÓN HIDRÁULICA Y SANITARIA, EN LA LOCALIDAD DE YOKDZONOT DEL MUNICIPIO DE YAXCABA DEL ESTADO DE YUCATÁN. ETAPA ÚNICA.",Yaxcabá,Yaxcabá,3574685.9,FINALIZADA,20.48138615,-88.74242352,1,1,13/04/26 14:06,13/04/26 14:06,FALSE,100
IVEY,"CONSTRUCCIÓN DE 45 ACCIONES  DE VIVIENDA EN LOS MUNICIPIOS DE MUXUPIP (31) Y YAXKUKUL (14), EN EL ESTADO DE YUCATÁN.",Yaxkukul,Yaxkukul,1776600,FINALIZADA,21.05835282,-89.43685201,1,1,13/04/26 14:06,13/04/26 14:06,FALSE,100
IDEFEEY,"CONSTRUCCIÓN DE UN COMEDOR EN LA ESCUELA PRIMARIA JOSÉ MARÍA MORELOS Y PAVÓN, DE LA LOCALIDAD Y MUNICIPIO DE YAXKUKUL, CCT. 31DPR0236C",Yaxkukul,Yaxkukul,1401347.99,EN_PROCESO,21.05835282,-89.43685201,1,1,13/04/26 14:06,13/04/26 14:06,FALSE,70
INCCOPY,"REHABILITACIÓN DEL PARQUE PRINCIPAL EN EL MUNICIPIO DE YAXKUKUL, YUCATÁN.",Yaxkukul,Yaxkukul,2639808.34,EN_PROCESO,21.05835282,-89.43685201,1,1,13/04/26 14:06,13/04/26 14:06,FALSE,70
SSY,ACCIONES DE MANTENIMIENTO DE INFRAESTRUCTURA EN EL CENTRO DE SALUD DE YAXKUKUL,Yaxkukul,Yaxkukul,19829.04,FINALIZADA,21.05835282,-89.43685201,1,1,13/04/26 14:06,13/04/26 14:06,FALSE,100
IDEFEEY,"CONSTRUCCIÓN DE UN DOMO PARA PLAZA CÍVICA EN LA ESCUELA PRIMARIA CUAUHTÉMOC DE LA LOCALIDAD DE CHABIHAU, MUNICIPIO DE YOBAÍN, CCT. 31DPR0837W.",Yobaín,Yobaín,1584210.03,FINALIZADA,21.30152905,-89.11549626,1,1,13/04/26 14:06,13/04/26 14:06,FALSE,100
JUNTA DE AGUA POTABLE Y ALCANTARILLADO DE YUCATÁN,REHABILITACIÓN DE SISTEMAS DE CAPTACIÓN DE AGUA POTABLE DE LA LOCALIDAD DE YOBAÍN DEL MUNICIPIO DE YOBAÍN DEL ESTADO DE YUCATÁN.,Yobaín,Yobaín,2700272.53,FINALIZADA,21.30152905,-89.11549626,1,1,13/04/26 14:06,13/04/26 14:06,FALSE,100
JUNTA DE AGUA POTABLE Y ALCANTARILLADO DE YUCATÁN,REHABILITACIÓN DE SISTEMAS DE CAPTACIÓN DE AGUA POTABLE DE LA LOCALIDAD DE YOBAÍN DEL MUNICIPIO DE YOBAÍN DEL ESTADO DE YUCATÁN.,Yobaín,Yobaín,2700272.53,FINALIZADA,21.30152905,-89.11549626,1,1,13/04/26 14:06,13/04/26 14:06,FALSE,100
SEDER,PROGRAMA CAMINOS RENACIMIENTO,Yobaín,Yobaín,640000,FINALIZADA,21.30152905,-89.11549626,1,1,13/04/26 14:06,13/04/26 14:06,FALSE,100
SSY,ACCIONES DE MANTENIMIENTO DE INFRAESTRUCTURA EN EL CENTRO DE SALUD DE CHABIHAU Y CENTRO DE SALUD DE YOBAÍN,Yobaín,Yobaín,5521.6,FINALIZADA,21.30152905,-89.11549626,1,1,13/04/26 14:06,13/04/26 14:06,FALSE,100